date,open,high,low,close
2024-04-01 00:00:00,1.07933,1.07937,1.07921,1.07924
2024-04-01 00:01:00,1.07923,1.07946,1.07923,1.07935
2024-04-01 00:02:00,1.07934,1.07936,1.07931,1.07935
2024-04-01 00:03:00,1.07935,1.07955,1.07933,1.07948
2024-04-01 00:04:00,1.07948,1.07952,1.07946,1.07948
2024-04-01 00:05:00,1.07949,1.0796,1.07949,1.07957
2024-04-01 00:06:00,1.07956,1.07958,1.07948,1.07958
2024-04-01 00:07:00,1.07958,1.07958,1.07948,1.07952
2024-04-01 00:08:00,1.07952,1.07966,1.0795,1.07958
2024-04-01 00:09:00,1.07958,1.07959,1.07944,1.07948
2024-04-01 00:10:00,1.07948,1.07952,1.07946,1.07951
2024-04-01 00:11:00,1.0795,1.07956,1.07942,1.07956
2024-04-01 00:12:00,1.07954,1.0796,1.07953,1.07954
2024-04-01 00:13:00,1.07954,1.07958,1.0795,1.07955
2024-04-01 00:14:00,1.07954,1.07956,1.0795,1.07954
2024-04-01 00:15:00,1.07954,1.07958,1.07947,1.07958
2024-04-01 00:16:00,1.07958,1.07966,1.07948,1.07952
2024-04-01 00:17:00,1.07952,1.07964,1.07952,1.07962
2024-04-01 00:18:00,1.07962,1.07962,1.07954,1.07958
2024-04-01 00:19:00,1.07959,1.07962,1.07952,1.07962
2024-04-01 00:20:00,1.07962,1.07967,1.0796,1.07966
2024-04-01 00:21:00,1.07966,1.07971,1.07961,1.07964
2024-04-01 00:22:00,1.07964,1.07964,1.0796,1.07962
2024-04-01 00:23:00,1.07962,1.07972,1.0796,1.07972
2024-04-01 00:24:00,1.07972,1.07973,1.07971,1.07971
2024-04-01 00:25:00,1.0797,1.07985,1.07967,1.07982
2024-04-01 00:26:00,1.07982,1.07985,1.0798,1.0798
2024-04-01 00:27:00,1.07979,1.0798,1.07971,1.0798
2024-04-01 00:28:00,1.0798,1.0798,1.07972,1.07973
2024-04-01 00:29:00,1.07972,1.07977,1.07971,1.07972
2024-04-01 00:30:00,1.07971,1.07976,1.07969,1.07975
2024-04-01 00:31:00,1.07975,1.07986,1.07974,1.07986
2024-04-01 00:32:00,1.07987,1.0799,1.07982,1.07982
2024-04-01 00:33:00,1.07982,1.07985,1.07972,1.07972
2024-04-01 00:34:00,1.07972,1.07975,1.07962,1.07966
2024-04-01 00:35:00,1.07966,1.07967,1.07959,1.0796
2024-04-01 00:36:00,1.0796,1.07971,1.07956,1.07962
2024-04-01 00:37:00,1.07961,1.07968,1.07958,1.07959
2024-04-01 00:38:00,1.07958,1.07958,1.07952,1.07952
2024-04-01 00:39:00,1.07953,1.07964,1.07952,1.07962
2024-04-01 00:40:00,1.07963,1.07964,1.07956,1.07962
2024-04-01 00:41:00,1.07964,1.07972,1.07964,1.0797
2024-04-01 00:42:00,1.07971,1.07974,1.07964,1.07964
2024-04-01 00:43:00,1.07964,1.07966,1.0796,1.07962
2024-04-01 00:44:00,1.07962,1.07965,1.07955,1.07957
2024-04-01 00:45:00,1.07956,1.07957,1.07944,1.07945
2024-04-01 00:46:00,1.07945,1.07952,1.07944,1.07946
2024-04-01 00:47:00,1.07945,1.0795,1.07944,1.0795
2024-04-01 00:48:00,1.07949,1.07952,1.07948,1.07952
2024-04-01 00:49:00,1.07952,1.0796,1.07952,1.07958
2024-04-01 00:50:00,1.07958,1.07964,1.07954,1.07958
2024-04-01 00:51:00,1.07957,1.0796,1.07954,1.07958
2024-04-01 00:52:00,1.07957,1.07968,1.07956,1.07966
2024-04-01 00:53:00,1.07966,1.07966,1.07944,1.07946
2024-04-01 00:54:00,1.07945,1.07948,1.07933,1.07936
2024-04-01 00:55:00,1.07935,1.0794,1.07924,1.07924
2024-04-01 00:56:00,1.07924,1.07926,1.07915,1.07917
2024-04-01 00:57:00,1.07916,1.07921,1.07904,1.07908
2024-04-01 00:58:00,1.07907,1.07907,1.07904,1.07906
2024-04-01 00:59:00,1.07905,1.07916,1.07904,1.07914
2024-04-01 01:00:00,1.07915,1.07922,1.0791,1.07914
2024-04-01 01:01:00,1.07913,1.07918,1.079,1.07906
2024-04-01 01:02:00,1.07905,1.07917,1.07904,1.07916
2024-04-01 01:03:00,1.07915,1.07924,1.07914,1.07923
2024-04-01 01:04:00,1.07923,1.07934,1.07922,1.07933
2024-04-01 01:05:00,1.07933,1.07941,1.07932,1.07937
2024-04-01 01:06:00,1.07938,1.07947,1.07937,1.07947
2024-04-01 01:07:00,1.07946,1.07946,1.07926,1.07926
2024-04-01 01:08:00,1.07927,1.07929,1.07926,1.07927
2024-04-01 01:09:00,1.07926,1.07928,1.07923,1.07923
2024-04-01 01:10:00,1.07924,1.07934,1.07923,1.07934
2024-04-01 01:11:00,1.07933,1.0794,1.07933,1.07938
2024-04-01 01:12:00,1.07939,1.07944,1.07938,1.07943
2024-04-01 01:13:00,1.07943,1.07944,1.07934,1.07934
2024-04-01 01:14:00,1.07935,1.07942,1.07932,1.07934
2024-04-01 01:15:00,1.07934,1.07943,1.07932,1.07938
2024-04-01 01:16:00,1.07939,1.07942,1.0793,1.07933
2024-04-01 01:17:00,1.07934,1.07937,1.07929,1.07933
2024-04-01 01:18:00,1.07932,1.07933,1.07928,1.07933
2024-04-01 01:19:00,1.07932,1.07943,1.07932,1.07937
2024-04-01 01:20:00,1.07938,1.07938,1.0792,1.0792
2024-04-01 01:21:00,1.0792,1.07928,1.07918,1.07928
2024-04-01 01:22:00,1.07928,1.07933,1.07926,1.07929
2024-04-01 01:23:00,1.0793,1.07933,1.0793,1.07932
2024-04-01 01:24:00,1.07933,1.07935,1.07932,1.07935
2024-04-01 01:25:00,1.07934,1.07934,1.07924,1.07924
2024-04-01 01:26:00,1.07924,1.07924,1.07912,1.07916
2024-04-01 01:27:00,1.07916,1.07925,1.07914,1.07924
2024-04-01 01:28:00,1.07925,1.07925,1.07921,1.07923
2024-04-01 01:29:00,1.07924,1.07925,1.07917,1.07924
2024-04-01 01:30:00,1.07924,1.07933,1.07924,1.07925
2024-04-01 01:31:00,1.07924,1.07925,1.07924,1.07924
2024-04-01 01:32:00,1.07924,1.07928,1.07924,1.07928
2024-04-01 01:33:00,1.07927,1.07927,1.07914,1.07914
2024-04-01 01:34:00,1.07914,1.07922,1.07914,1.0792
2024-04-01 01:35:00,1.0792,1.07922,1.07914,1.07914
2024-04-01 01:36:00,1.07914,1.07914,1.07895,1.07895
2024-04-01 01:37:00,1.07896,1.07905,1.07894,1.07903
2024-04-01 01:38:00,1.07904,1.07906,1.07901,1.07904
2024-04-01 01:39:00,1.07904,1.07908,1.07904,1.07908
2024-04-01 01:40:00,1.07908,1.0791,1.07906,1.07906
2024-04-01 01:41:00,1.07907,1.07916,1.07907,1.07913
2024-04-01 01:42:00,1.07912,1.07914,1.07906,1.0791
2024-04-01 01:43:00,1.0791,1.07914,1.07903,1.07903
2024-04-01 01:44:00,1.07904,1.07908,1.07903,1.07903
2024-04-01 01:45:00,1.07902,1.07902,1.07892,1.07892
2024-04-01 01:46:00,1.07893,1.07894,1.07893,1.07894
2024-04-01 01:47:00,1.07894,1.07895,1.0788,1.0788
2024-04-01 01:48:00,1.0788,1.07884,1.0788,1.07884
2024-04-01 01:49:00,1.07884,1.07884,1.07876,1.07876
2024-04-01 01:50:00,1.07877,1.07888,1.07877,1.07886
2024-04-01 01:51:00,1.07887,1.07889,1.07886,1.07886
2024-04-01 01:52:00,1.07887,1.07887,1.07881,1.07883
2024-04-01 01:53:00,1.07882,1.07884,1.0788,1.0788
2024-04-01 01:54:00,1.0788,1.07881,1.07875,1.07881
2024-04-01 01:55:00,1.0788,1.07881,1.07875,1.07876
2024-04-01 01:56:00,1.07876,1.0788,1.07858,1.07861
2024-04-01 01:57:00,1.07861,1.07865,1.07858,1.07859
2024-04-01 01:58:00,1.0786,1.07866,1.0786,1.07866
2024-04-01 01:59:00,1.07865,1.0787,1.07865,1.07868
2024-04-01 02:00:00,1.07868,1.07868,1.07862,1.07866
2024-04-01 02:01:00,1.07866,1.07867,1.07856,1.07856
2024-04-01 02:02:00,1.07856,1.07862,1.07856,1.07861
2024-04-01 02:03:00,1.07861,1.07861,1.07856,1.0786
2024-04-01 02:04:00,1.0786,1.0786,1.07856,1.07856
2024-04-01 02:05:00,1.07856,1.07856,1.07851,1.07851
2024-04-01 02:06:00,1.07852,1.07855,1.07851,1.07855
2024-04-01 02:07:00,1.07856,1.07868,1.07855,1.07867
2024-04-01 02:08:00,1.07866,1.07866,1.07858,1.07864
2024-04-01 02:09:00,1.07863,1.07863,1.07856,1.07856
2024-04-01 02:10:00,1.07858,1.07861,1.07856,1.07856
2024-04-01 02:11:00,1.07857,1.07861,1.07856,1.07859
2024-04-01 02:12:00,1.07859,1.07863,1.07858,1.07862
2024-04-01 02:13:00,1.07864,1.07869,1.07863,1.07868
2024-04-01 02:14:00,1.07868,1.07872,1.07865,1.07866
2024-04-01 02:15:00,1.07867,1.07873,1.07866,1.07868
2024-04-01 02:16:00,1.07867,1.07871,1.07866,1.07868
2024-04-01 02:17:00,1.07868,1.07872,1.07868,1.07871
2024-04-01 02:18:00,1.07872,1.07872,1.07866,1.07872
2024-04-01 02:19:00,1.07872,1.07878,1.07871,1.07872
2024-04-01 02:20:00,1.07872,1.07873,1.07869,1.0787
2024-04-01 02:21:00,1.0787,1.07872,1.07868,1.0787
2024-04-01 02:22:00,1.07871,1.07874,1.07871,1.07873
2024-04-01 02:23:00,1.07874,1.07874,1.07866,1.07866
2024-04-01 02:24:00,1.07867,1.07873,1.07866,1.07873
2024-04-01 02:25:00,1.07872,1.07872,1.07858,1.07861
2024-04-01 02:26:00,1.07862,1.07867,1.07861,1.07867
2024-04-01 02:27:00,1.07868,1.07868,1.07868,1.07868
2024-04-01 02:28:00,1.07869,1.07876,1.07869,1.07871
2024-04-01 02:29:00,1.07871,1.07879,1.07871,1.07878
2024-04-01 02:30:00,1.07877,1.07877,1.07874,1.07874
2024-04-01 02:31:00,1.07874,1.07874,1.0787,1.07873
2024-04-01 02:32:00,1.07872,1.0788,1.07872,1.0788
2024-04-01 02:33:00,1.0788,1.07883,1.07878,1.07882
2024-04-01 02:34:00,1.07881,1.07884,1.0788,1.07882
2024-04-01 02:35:00,1.07881,1.07881,1.07871,1.07872
2024-04-01 02:36:00,1.07872,1.07873,1.07871,1.07871
2024-04-01 02:37:00,1.07872,1.07875,1.07871,1.07875
2024-04-01 02:38:00,1.07875,1.07889,1.07875,1.07888
2024-04-01 02:39:00,1.07887,1.07887,1.07881,1.07882
2024-04-01 02:40:00,1.07882,1.07892,1.07882,1.07892
2024-04-01 02:41:00,1.07892,1.07897,1.0789,1.07894
2024-04-01 02:42:00,1.07893,1.07894,1.07891,1.07894
2024-04-01 02:43:00,1.07894,1.07894,1.07888,1.07891
2024-04-01 02:44:00,1.0789,1.07896,1.0789,1.07892
2024-04-01 02:45:00,1.07891,1.07892,1.07885,1.07886
2024-04-01 02:46:00,1.07886,1.07891,1.07886,1.07888
2024-04-01 02:47:00,1.07887,1.07887,1.07884,1.07886
2024-04-01 02:48:00,1.07887,1.07892,1.07887,1.07892
2024-04-01 02:49:00,1.07892,1.07892,1.07885,1.07888
2024-04-01 02:50:00,1.07889,1.07889,1.07881,1.07886
2024-04-01 02:51:00,1.07887,1.07888,1.07886,1.07886
2024-04-01 02:52:00,1.07888,1.07888,1.07881,1.07882
2024-04-01 02:53:00,1.07882,1.07882,1.07877,1.07879
2024-04-01 02:54:00,1.07879,1.07879,1.07874,1.07878
2024-04-01 02:55:00,1.07878,1.07884,1.07878,1.07883
2024-04-01 02:56:00,1.07884,1.07884,1.07878,1.07879
2024-04-01 02:57:00,1.07879,1.07881,1.07874,1.07874
2024-04-01 02:58:00,1.07874,1.07878,1.07873,1.07874
2024-04-01 02:59:00,1.07874,1.07881,1.07874,1.07879
2024-04-01 03:00:00,1.0788,1.07883,1.07879,1.07883
2024-04-01 03:01:00,1.07882,1.07882,1.07869,1.07869
2024-04-01 03:02:00,1.07869,1.07874,1.07868,1.07872
2024-04-01 03:03:00,1.0787,1.07872,1.07868,1.0787
2024-04-01 03:04:00,1.07869,1.07873,1.07869,1.07873
2024-04-01 03:05:00,1.07874,1.07874,1.07869,1.07869
2024-04-01 03:06:00,1.07868,1.07869,1.07868,1.07869
2024-04-01 03:07:00,1.07869,1.07869,1.07854,1.07854
2024-04-01 03:08:00,1.07854,1.07854,1.07851,1.07854
2024-04-01 03:09:00,1.07853,1.07854,1.0785,1.07854
2024-04-01 03:10:00,1.07855,1.07856,1.07854,1.07854
2024-04-01 03:11:00,1.07855,1.07855,1.07854,1.07854
2024-04-01 03:12:00,1.07855,1.07864,1.07855,1.07864
2024-04-01 03:13:00,1.07863,1.07864,1.07863,1.07864
2024-04-01 03:14:00,1.07865,1.07865,1.07859,1.07864
2024-04-01 03:15:00,1.07864,1.07864,1.07858,1.0786
2024-04-01 03:16:00,1.0786,1.07871,1.07859,1.07869
2024-04-01 03:17:00,1.07869,1.07872,1.07865,1.07871
2024-04-01 03:18:00,1.07872,1.07872,1.07864,1.07868
2024-04-01 03:19:00,1.07866,1.07866,1.07864,1.07864
2024-04-01 03:20:00,1.07865,1.07869,1.07865,1.07866
2024-04-01 03:21:00,1.07865,1.07868,1.07864,1.07864
2024-04-01 03:22:00,1.07864,1.07864,1.07858,1.07858
2024-04-01 03:23:00,1.07859,1.07859,1.07857,1.07858
2024-04-01 03:24:00,1.07858,1.07858,1.07858,1.07858
2024-04-01 03:25:00,1.07858,1.07865,1.07854,1.07863
2024-04-01 03:26:00,1.07864,1.07864,1.07858,1.07864
2024-04-01 03:27:00,1.07864,1.07864,1.07849,1.07849
2024-04-01 03:28:00,1.07849,1.07854,1.07849,1.07854
2024-04-01 03:29:00,1.07854,1.07854,1.07851,1.07853
2024-04-01 03:30:00,1.07854,1.07865,1.07853,1.07864
2024-04-01 03:31:00,1.07863,1.07871,1.07863,1.07871
2024-04-01 03:32:00,1.0787,1.07879,1.0787,1.07878
2024-04-01 03:33:00,1.07877,1.07878,1.07874,1.07878
2024-04-01 03:34:00,1.07878,1.0788,1.07877,1.07878
2024-04-01 03:35:00,1.07879,1.07883,1.07878,1.07883
2024-04-01 03:36:00,1.07884,1.07885,1.07883,1.07884
2024-04-01 03:37:00,1.07884,1.07895,1.07884,1.07894
2024-04-01 03:38:00,1.07894,1.07894,1.0789,1.07892
2024-04-01 03:39:00,1.07892,1.07901,1.07892,1.079
2024-04-01 03:40:00,1.079,1.07902,1.07898,1.079
2024-04-01 03:41:00,1.07899,1.07904,1.07899,1.07902
2024-04-01 03:42:00,1.07902,1.07902,1.07899,1.07899
2024-04-01 03:43:00,1.07899,1.07899,1.07894,1.07895
2024-04-01 03:44:00,1.07896,1.07898,1.07894,1.07896
2024-04-01 03:45:00,1.07896,1.07897,1.07887,1.07888
2024-04-01 03:46:00,1.07887,1.07888,1.07884,1.07886
2024-04-01 03:47:00,1.07887,1.07892,1.07886,1.07892
2024-04-01 03:48:00,1.07892,1.07902,1.07892,1.07902
2024-04-01 03:49:00,1.07903,1.07904,1.07898,1.079
2024-04-01 03:50:00,1.07899,1.079,1.07898,1.07899
2024-04-01 03:51:00,1.07899,1.07902,1.07899,1.07899
2024-04-01 03:52:00,1.07899,1.07902,1.07899,1.079
2024-04-01 03:53:00,1.079,1.07903,1.07895,1.079
2024-04-01 03:54:00,1.07901,1.07905,1.079,1.079
2024-04-01 03:55:00,1.07901,1.0791,1.07901,1.07908
2024-04-01 03:56:00,1.07908,1.07915,1.07908,1.07914
2024-04-01 03:57:00,1.07914,1.07914,1.07913,1.07913
2024-04-01 03:58:00,1.07912,1.07912,1.07902,1.07905
2024-04-01 03:59:00,1.07905,1.07905,1.07902,1.07905
2024-04-01 04:00:00,1.07904,1.07914,1.07904,1.07912
2024-04-01 04:01:00,1.07912,1.07912,1.07904,1.07904
2024-04-01 04:02:00,1.07904,1.0791,1.07904,1.07909
2024-04-01 04:03:00,1.07908,1.07913,1.07908,1.0791
2024-04-01 04:04:00,1.07911,1.07913,1.07908,1.0791
2024-04-01 04:05:00,1.07909,1.07909,1.07904,1.07904
2024-04-01 04:06:00,1.07904,1.07904,1.07896,1.07898
2024-04-01 04:07:00,1.07898,1.07899,1.07892,1.07892
2024-04-01 04:08:00,1.07892,1.07892,1.07886,1.07887
2024-04-01 04:09:00,1.07886,1.07889,1.07886,1.07888
2024-04-01 04:10:00,1.07888,1.07888,1.07884,1.07885
2024-04-01 04:11:00,1.07885,1.07886,1.07877,1.07879
2024-04-01 04:12:00,1.07878,1.07882,1.07876,1.0788
2024-04-01 04:13:00,1.07881,1.07884,1.0788,1.07884
2024-04-01 04:14:00,1.07884,1.07885,1.0788,1.07884
2024-04-01 04:15:00,1.07884,1.07884,1.07871,1.07874
2024-04-01 04:16:00,1.07874,1.07874,1.0787,1.0787
2024-04-01 04:17:00,1.07871,1.07872,1.0787,1.07872
2024-04-01 04:18:00,1.07873,1.07874,1.0787,1.07872
2024-04-01 04:19:00,1.07872,1.07872,1.07866,1.07867
2024-04-01 04:20:00,1.07866,1.07866,1.07861,1.07861
2024-04-01 04:21:00,1.07862,1.07862,1.07861,1.07862
2024-04-01 04:22:00,1.07862,1.07862,1.07861,1.07862
2024-04-01 04:24:00,1.07862,1.07862,1.07862,1.07862
2024-04-01 04:25:00,1.07862,1.07868,1.07862,1.07868
2024-04-01 04:26:00,1.07868,1.07872,1.07868,1.07871
2024-04-01 04:27:00,1.07872,1.07875,1.07866,1.07866
2024-04-01 04:28:00,1.07867,1.0787,1.07866,1.07868
2024-04-01 04:29:00,1.07868,1.0787,1.07866,1.07866
2024-04-01 04:30:00,1.07867,1.07868,1.07862,1.07867
2024-04-01 04:31:00,1.07868,1.07876,1.07868,1.07875
2024-04-01 04:32:00,1.07876,1.07876,1.07866,1.07868
2024-04-01 04:33:00,1.07868,1.07869,1.07866,1.07869
2024-04-01 04:34:00,1.0787,1.0787,1.0786,1.07862
2024-04-01 04:35:00,1.07862,1.07862,1.07856,1.07856
2024-04-01 04:36:00,1.07856,1.07856,1.07855,1.07855
2024-04-01 04:37:00,1.07856,1.07856,1.07853,1.07853
2024-04-01 04:38:00,1.07852,1.07852,1.0785,1.07851
2024-04-01 04:39:00,1.07851,1.07851,1.07848,1.07849
2024-04-01 04:40:00,1.07848,1.07848,1.07844,1.07846
2024-04-01 04:41:00,1.07845,1.07846,1.07842,1.07845
2024-04-01 04:42:00,1.07846,1.07851,1.07846,1.07848
2024-04-01 04:43:00,1.07849,1.07851,1.07846,1.07851
2024-04-01 04:44:00,1.0785,1.07853,1.0785,1.07851
2024-04-01 04:45:00,1.07852,1.07863,1.07852,1.07862
2024-04-01 04:46:00,1.07863,1.07866,1.0786,1.07865
2024-04-01 04:47:00,1.07865,1.07869,1.07861,1.07862
2024-04-01 04:48:00,1.07864,1.07866,1.07864,1.07865
2024-04-01 04:49:00,1.07865,1.07866,1.07861,1.07865
2024-04-01 04:50:00,1.07865,1.07866,1.07864,1.07866
2024-04-01 04:51:00,1.07866,1.07866,1.07866,1.07866
2024-04-01 04:52:00,1.07866,1.07868,1.07866,1.07868
2024-04-01 04:53:00,1.07868,1.07871,1.07868,1.07869
2024-04-01 04:54:00,1.07869,1.07871,1.07861,1.07862
2024-04-01 04:55:00,1.07861,1.07867,1.0786,1.07866
2024-04-01 04:56:00,1.07867,1.07872,1.07867,1.07871
2024-04-01 04:57:00,1.07871,1.07874,1.0787,1.07871
2024-04-01 04:58:00,1.07871,1.07873,1.07871,1.07872
2024-04-01 04:59:00,1.07873,1.07873,1.07868,1.0787
2024-04-01 05:00:00,1.07869,1.07869,1.07866,1.07866
2024-04-01 05:01:00,1.07867,1.07874,1.07867,1.07871
2024-04-01 05:02:00,1.07872,1.07873,1.07871,1.07872
2024-04-01 05:03:00,1.07871,1.07871,1.07865,1.07865
2024-04-01 05:04:00,1.07865,1.07865,1.07862,1.07863
2024-04-01 05:05:00,1.07864,1.07866,1.07863,1.07864
2024-04-01 05:06:00,1.07864,1.07865,1.07861,1.07862
2024-04-01 05:07:00,1.07863,1.07865,1.07862,1.07862
2024-04-01 05:08:00,1.07863,1.0787,1.07863,1.0787
2024-04-01 05:09:00,1.0787,1.0787,1.07865,1.07865
2024-04-01 05:10:00,1.07866,1.07866,1.0786,1.0786
2024-04-01 05:11:00,1.0786,1.07862,1.07858,1.07859
2024-04-01 05:12:00,1.07859,1.07859,1.0785,1.07851
2024-04-01 05:13:00,1.07852,1.07854,1.07851,1.07853
2024-04-01 05:14:00,1.07854,1.07854,1.07849,1.0785
2024-04-01 05:15:00,1.0785,1.0785,1.07849,1.07849
2024-04-01 05:16:00,1.07849,1.07851,1.07846,1.0785
2024-04-01 05:17:00,1.0785,1.07852,1.07849,1.07849
2024-04-01 05:18:00,1.07849,1.0785,1.07847,1.07849
2024-04-01 05:19:00,1.07848,1.07849,1.07848,1.07849
2024-04-01 05:20:00,1.07848,1.07848,1.07842,1.07848
2024-04-01 05:21:00,1.07847,1.07848,1.07844,1.07844
2024-04-01 05:22:00,1.07843,1.07844,1.07843,1.07844
2024-04-01 05:23:00,1.07843,1.07844,1.07842,1.07844
2024-04-01 05:24:00,1.07844,1.07849,1.07844,1.07848
2024-04-01 05:25:00,1.07849,1.07849,1.07847,1.07849
2024-04-01 05:26:00,1.0785,1.07854,1.07848,1.0785
2024-04-01 05:27:00,1.0785,1.0785,1.0785,1.0785
2024-04-01 05:28:00,1.07849,1.07851,1.07843,1.07844
2024-04-01 05:29:00,1.07845,1.07845,1.0784,1.0784
2024-04-01 05:30:00,1.07839,1.07843,1.07838,1.07842
2024-04-01 05:31:00,1.07842,1.07844,1.07842,1.07842
2024-04-01 05:32:00,1.07843,1.07849,1.07841,1.07846
2024-04-01 05:33:00,1.07846,1.07846,1.07838,1.07838
2024-04-01 05:34:00,1.07838,1.07842,1.07838,1.0784
2024-04-01 05:35:00,1.07839,1.07846,1.07838,1.07846
2024-04-01 05:36:00,1.07845,1.07845,1.07841,1.07841
2024-04-01 05:37:00,1.07842,1.07842,1.07842,1.07842
2024-04-01 05:38:00,1.07843,1.07843,1.07842,1.07843
2024-04-01 05:39:00,1.07844,1.07844,1.07838,1.07838
2024-04-01 05:40:00,1.07838,1.07838,1.07832,1.07836
2024-04-01 05:41:00,1.07837,1.07838,1.07836,1.07837
2024-04-01 05:42:00,1.07838,1.07838,1.07833,1.07836
2024-04-01 05:43:00,1.07836,1.07836,1.07832,1.07832
2024-04-01 05:44:00,1.07832,1.07834,1.07828,1.07832
2024-04-01 05:45:00,1.07832,1.07838,1.07831,1.07838
2024-04-01 05:46:00,1.07838,1.07846,1.07838,1.07846
2024-04-01 05:47:00,1.07846,1.07851,1.07846,1.07849
2024-04-01 05:48:00,1.07849,1.07851,1.07849,1.0785
2024-04-01 05:49:00,1.0785,1.07858,1.0785,1.07855
2024-04-01 05:50:00,1.07855,1.0786,1.07854,1.0786
2024-04-01 05:51:00,1.0786,1.07861,1.07859,1.07859
2024-04-01 05:52:00,1.07859,1.07859,1.07858,1.07859
2024-04-01 05:53:00,1.07858,1.07858,1.07849,1.0785
2024-04-01 05:54:00,1.0785,1.07854,1.0785,1.07853
2024-04-01 05:55:00,1.07854,1.07858,1.07854,1.07855
2024-04-01 05:56:00,1.07854,1.07865,1.07854,1.07863
2024-04-01 05:57:00,1.07861,1.07864,1.0786,1.0786
2024-04-01 05:58:00,1.07861,1.07862,1.0786,1.07861
2024-04-01 05:59:00,1.07861,1.07861,1.07854,1.07855
2024-04-01 06:00:00,1.07855,1.07856,1.07846,1.07855
2024-04-01 06:01:00,1.07854,1.07856,1.07849,1.07849
2024-04-01 06:02:00,1.0785,1.07852,1.07849,1.07852
2024-04-01 06:03:00,1.07852,1.07861,1.07852,1.07859
2024-04-01 06:04:00,1.0786,1.07861,1.07846,1.07854
2024-04-01 06:05:00,1.07854,1.07861,1.07852,1.0786
2024-04-01 06:06:00,1.07859,1.07859,1.07849,1.0785
2024-04-01 06:07:00,1.07849,1.07852,1.07847,1.0785
2024-04-01 06:08:00,1.07851,1.07859,1.0785,1.07858
2024-04-01 06:09:00,1.07859,1.07862,1.07858,1.07861
2024-04-01 06:10:00,1.07862,1.07862,1.07857,1.07861
2024-04-01 06:11:00,1.07862,1.07862,1.0786,1.07862
2024-04-01 06:12:00,1.07863,1.0787,1.07862,1.0787
2024-04-01 06:13:00,1.0787,1.07871,1.07869,1.0787
2024-04-01 06:14:00,1.07869,1.0787,1.07865,1.0787
2024-04-01 06:15:00,1.07871,1.07874,1.07865,1.07865
2024-04-01 06:16:00,1.07865,1.0787,1.07865,1.07868
2024-04-01 06:17:00,1.07868,1.07868,1.07862,1.07866
2024-04-01 06:18:00,1.07867,1.07877,1.07867,1.07876
2024-04-01 06:19:00,1.07877,1.07879,1.07875,1.07878
2024-04-01 06:20:00,1.07879,1.07881,1.07876,1.07879
2024-04-01 06:21:00,1.07879,1.07882,1.07875,1.07879
2024-04-01 06:22:00,1.0788,1.07886,1.0788,1.07885
2024-04-01 06:23:00,1.07885,1.0789,1.07885,1.07885
2024-04-01 06:24:00,1.07888,1.07895,1.07888,1.07894
2024-04-01 06:25:00,1.07893,1.07893,1.07885,1.07893
2024-04-01 06:26:00,1.07892,1.07893,1.0789,1.07893
2024-04-01 06:27:00,1.07892,1.07894,1.07888,1.0789
2024-04-01 06:28:00,1.0789,1.07895,1.0789,1.07894
2024-04-01 06:29:00,1.07895,1.07896,1.07894,1.07894
2024-04-01 06:30:00,1.07894,1.07902,1.07894,1.07902
2024-04-01 06:31:00,1.07901,1.07906,1.07897,1.07898
2024-04-01 06:32:00,1.07899,1.079,1.07894,1.07895
2024-04-01 06:33:00,1.07894,1.07894,1.07889,1.0789
2024-04-01 06:34:00,1.0789,1.07894,1.07881,1.0789
2024-04-01 06:35:00,1.07889,1.0789,1.07884,1.07888
2024-04-01 06:36:00,1.07888,1.0789,1.07886,1.0789
2024-04-01 06:37:00,1.0789,1.07892,1.07887,1.07889
2024-04-01 06:38:00,1.07889,1.07894,1.07885,1.07889
2024-04-01 06:39:00,1.07889,1.0789,1.07875,1.07878
2024-04-01 06:40:00,1.07878,1.07882,1.07878,1.0788
2024-04-01 06:41:00,1.0788,1.07883,1.07879,1.0788
2024-04-01 06:42:00,1.07879,1.07884,1.07874,1.0788
2024-04-01 06:43:00,1.0788,1.07882,1.0788,1.07882
2024-04-01 06:44:00,1.07881,1.07885,1.0788,1.07883
2024-04-01 06:45:00,1.07884,1.07892,1.0788,1.0788
2024-04-01 06:46:00,1.07879,1.07879,1.07872,1.07874
2024-04-01 06:47:00,1.07873,1.07876,1.07869,1.0787
2024-04-01 06:48:00,1.07869,1.07869,1.07864,1.07866
2024-04-01 06:49:00,1.07865,1.07865,1.07858,1.07858
2024-04-01 06:50:00,1.07857,1.07865,1.07856,1.07865
2024-04-01 06:51:00,1.07864,1.0787,1.07861,1.07868
2024-04-01 06:52:00,1.07869,1.07873,1.07868,1.07873
2024-04-01 06:53:00,1.07872,1.07884,1.07871,1.07884
2024-04-01 06:54:00,1.07885,1.07885,1.07878,1.0788
2024-04-01 06:55:00,1.07881,1.07882,1.07875,1.07879
2024-04-01 06:56:00,1.07878,1.07878,1.0787,1.07873
2024-04-01 06:57:00,1.07874,1.07875,1.07873,1.07873
2024-04-01 06:58:00,1.07872,1.07874,1.07865,1.07868
2024-04-01 06:59:00,1.07867,1.07872,1.07866,1.07867
2024-04-01 07:00:00,1.07868,1.07874,1.07848,1.0785
2024-04-01 07:01:00,1.0785,1.07855,1.0785,1.07855
2024-04-01 07:02:00,1.07854,1.07858,1.07851,1.07858
2024-04-01 07:03:00,1.07859,1.0788,1.07859,1.0788
2024-04-01 07:04:00,1.0788,1.07881,1.07871,1.07877
2024-04-01 07:05:00,1.07878,1.07886,1.07875,1.07884
2024-04-01 07:06:00,1.07885,1.07898,1.07885,1.07896
2024-04-01 07:07:00,1.07897,1.07905,1.07897,1.079
2024-04-01 07:08:00,1.07901,1.07911,1.079,1.07905
2024-04-01 07:09:00,1.07904,1.07908,1.07904,1.07908
2024-04-01 07:10:00,1.0791,1.0791,1.07899,1.079
2024-04-01 07:11:00,1.07899,1.07905,1.07899,1.07904
2024-04-01 07:12:00,1.07905,1.07913,1.07905,1.0791
2024-04-01 07:13:00,1.07909,1.07911,1.07908,1.0791
2024-04-01 07:14:00,1.0791,1.0791,1.07905,1.07908
2024-04-01 07:15:00,1.07907,1.07909,1.07906,1.07907
2024-04-01 07:16:00,1.07906,1.07913,1.07905,1.07913
2024-04-01 07:17:00,1.07912,1.07913,1.0791,1.07912
2024-04-01 07:18:00,1.07912,1.07913,1.07907,1.07913
2024-04-01 07:19:00,1.07912,1.07923,1.07912,1.07914
2024-04-01 07:20:00,1.07915,1.07923,1.07914,1.07915
2024-04-01 07:21:00,1.07915,1.07916,1.07909,1.0791
2024-04-01 07:22:00,1.07911,1.07912,1.07908,1.07908
2024-04-01 07:23:00,1.07907,1.07914,1.07907,1.07912
2024-04-01 07:24:00,1.07912,1.07912,1.07902,1.07908
2024-04-01 07:25:00,1.07908,1.07912,1.07905,1.07907
2024-04-01 07:26:00,1.07906,1.07906,1.07897,1.07898
2024-04-01 07:27:00,1.07897,1.07898,1.07892,1.07892
2024-04-01 07:28:00,1.07893,1.07894,1.07889,1.07892
2024-04-01 07:29:00,1.07891,1.07904,1.07891,1.07904
2024-04-01 07:30:00,1.07905,1.07912,1.07899,1.07902
2024-04-01 07:31:00,1.07903,1.07913,1.07903,1.0791
2024-04-01 07:32:00,1.07909,1.0791,1.07903,1.07909
2024-04-01 07:33:00,1.07908,1.07909,1.07902,1.07905
2024-04-01 07:34:00,1.07904,1.07909,1.07902,1.07902
2024-04-01 07:35:00,1.07903,1.07903,1.07898,1.07902
2024-04-01 07:36:00,1.07901,1.07903,1.07899,1.079
2024-04-01 07:37:00,1.079,1.079,1.07887,1.07888
2024-04-01 07:38:00,1.07889,1.07901,1.07889,1.079
2024-04-01 07:39:00,1.07901,1.07901,1.07888,1.07895
2024-04-01 07:40:00,1.07895,1.07896,1.07888,1.07888
2024-04-01 07:41:00,1.07889,1.07889,1.07887,1.07888
2024-04-01 07:42:00,1.07889,1.07892,1.07888,1.07889
2024-04-01 07:43:00,1.0789,1.0789,1.07888,1.07888
2024-04-01 07:44:00,1.07889,1.07889,1.07879,1.07884
2024-04-01 07:45:00,1.07884,1.07886,1.07873,1.07873
2024-04-01 07:46:00,1.07872,1.07873,1.07864,1.07864
2024-04-01 07:47:00,1.07863,1.07863,1.07852,1.0786
2024-04-01 07:48:00,1.0786,1.07862,1.07837,1.07842
2024-04-01 07:49:00,1.07841,1.07845,1.07836,1.07838
2024-04-01 07:50:00,1.07838,1.0784,1.07833,1.0784
2024-04-01 07:51:00,1.0784,1.07852,1.0784,1.07852
2024-04-01 07:52:00,1.07853,1.0786,1.07852,1.07858
2024-04-01 07:53:00,1.07859,1.07862,1.07857,1.07862
2024-04-01 07:54:00,1.07862,1.07868,1.07857,1.07859
2024-04-01 07:55:00,1.07858,1.07859,1.07844,1.0785
2024-04-01 07:56:00,1.0785,1.07852,1.07849,1.07852
2024-04-01 07:57:00,1.07851,1.07857,1.07849,1.07853
2024-04-01 07:58:00,1.07852,1.07862,1.07849,1.07859
2024-04-01 07:59:00,1.07859,1.07863,1.07857,1.07863
2024-04-01 08:00:00,1.07862,1.07863,1.07842,1.07842
2024-04-01 08:01:00,1.07842,1.07852,1.07841,1.07851
2024-04-01 08:02:00,1.0785,1.07852,1.07843,1.07845
2024-04-01 08:03:00,1.07846,1.07846,1.07832,1.07837
2024-04-01 08:04:00,1.07836,1.07847,1.07836,1.07846
2024-04-01 08:05:00,1.07847,1.07848,1.07841,1.07846
2024-04-01 08:06:00,1.07846,1.07846,1.07838,1.07839
2024-04-01 08:07:00,1.07838,1.07852,1.07838,1.07852
2024-04-01 08:08:00,1.07851,1.07861,1.07851,1.07859
2024-04-01 08:09:00,1.07859,1.0786,1.07858,1.07859
2024-04-01 08:10:00,1.0786,1.07862,1.07852,1.07854
2024-04-01 08:11:00,1.07854,1.07859,1.07844,1.07844
2024-04-01 08:12:00,1.07843,1.07846,1.07843,1.07846
2024-04-01 08:13:00,1.07846,1.07856,1.07846,1.07856
2024-04-01 08:14:00,1.07857,1.07867,1.07853,1.07861
2024-04-01 08:15:00,1.07861,1.07881,1.07861,1.0788
2024-04-01 08:16:00,1.0788,1.07884,1.07878,1.07884
2024-04-01 08:17:00,1.07884,1.07892,1.07884,1.07892
2024-04-01 08:18:00,1.07894,1.07903,1.07893,1.07902
2024-04-01 08:19:00,1.07902,1.07909,1.079,1.07904
2024-04-01 08:20:00,1.07904,1.07908,1.07904,1.07905
2024-04-01 08:21:00,1.07904,1.07907,1.079,1.07907
2024-04-01 08:22:00,1.07906,1.07907,1.07896,1.07896
2024-04-01 08:23:00,1.07897,1.07906,1.07896,1.07903
2024-04-01 08:24:00,1.07902,1.07904,1.07896,1.079
2024-04-01 08:25:00,1.079,1.07908,1.079,1.07907
2024-04-01 08:26:00,1.07908,1.07908,1.07907,1.07908
2024-04-01 08:27:00,1.07907,1.07914,1.07907,1.07912
2024-04-01 08:28:00,1.07912,1.07915,1.07909,1.07912
2024-04-01 08:29:00,1.07911,1.07913,1.07906,1.0791
2024-04-01 08:30:00,1.0791,1.07911,1.07904,1.07904
2024-04-01 08:31:00,1.07903,1.07904,1.07894,1.07897
2024-04-01 08:32:00,1.07896,1.07898,1.07894,1.07896
2024-04-01 08:33:00,1.07895,1.07895,1.07881,1.0789
2024-04-01 08:34:00,1.07891,1.07892,1.07888,1.07889
2024-04-01 08:35:00,1.07888,1.07897,1.07888,1.07897
2024-04-01 08:36:00,1.07898,1.07902,1.07898,1.07902
2024-04-01 08:37:00,1.07902,1.07908,1.07901,1.07908
2024-04-01 08:38:00,1.07908,1.07911,1.07903,1.07907
2024-04-01 08:39:00,1.07908,1.07914,1.07908,1.07911
2024-04-01 08:40:00,1.07912,1.07915,1.07911,1.07915
2024-04-01 08:41:00,1.07914,1.07917,1.07909,1.0791
2024-04-01 08:42:00,1.0791,1.07912,1.07908,1.07912
2024-04-01 08:43:00,1.07913,1.07913,1.07896,1.07896
2024-04-01 08:44:00,1.07896,1.07903,1.07893,1.07899
2024-04-01 08:45:00,1.07899,1.07904,1.07899,1.07903
2024-04-01 08:46:00,1.07902,1.07909,1.07901,1.07909
2024-04-01 08:47:00,1.07908,1.07909,1.079,1.079
2024-04-01 08:48:00,1.07899,1.07899,1.07889,1.07896
2024-04-01 08:49:00,1.07897,1.07902,1.07896,1.07901
2024-04-01 08:50:00,1.079,1.079,1.07892,1.07897
2024-04-01 08:51:00,1.07896,1.07902,1.07896,1.07899
2024-04-01 08:52:00,1.07899,1.07899,1.07889,1.07893
2024-04-01 08:53:00,1.07894,1.07895,1.0789,1.07894
2024-04-01 08:54:00,1.07895,1.079,1.07892,1.07892
2024-04-01 08:55:00,1.07892,1.07898,1.07889,1.07897
2024-04-01 08:56:00,1.07896,1.079,1.07896,1.079
2024-04-01 08:57:00,1.07899,1.07899,1.07896,1.07896
2024-04-01 08:58:00,1.07896,1.07904,1.07896,1.079
2024-04-01 08:59:00,1.07901,1.07902,1.07899,1.07899
2024-04-01 09:00:00,1.079,1.0791,1.07899,1.07907
2024-04-01 09:01:00,1.07908,1.0791,1.07907,1.07907
2024-04-01 09:02:00,1.07906,1.07909,1.07903,1.07906
2024-04-01 09:03:00,1.07906,1.07907,1.07901,1.07903
2024-04-01 09:04:00,1.07902,1.07903,1.07898,1.07902
2024-04-01 09:05:00,1.07902,1.07902,1.07896,1.079
2024-04-01 09:06:00,1.07899,1.079,1.07892,1.07893
2024-04-01 09:07:00,1.07892,1.07899,1.07892,1.07895
2024-04-01 09:08:00,1.07896,1.07902,1.07895,1.07902
2024-04-01 09:09:00,1.07901,1.07908,1.079,1.07907
2024-04-01 09:10:00,1.07908,1.07911,1.07903,1.07904
2024-04-01 09:11:00,1.07903,1.07905,1.07903,1.07903
2024-04-01 09:12:00,1.07902,1.07905,1.07901,1.07905
2024-04-01 09:13:00,1.07904,1.07904,1.07898,1.07899
2024-04-01 09:14:00,1.07898,1.07898,1.0788,1.07881
2024-04-01 09:15:00,1.07881,1.07881,1.07875,1.07877
2024-04-01 09:16:00,1.07878,1.07878,1.07873,1.07874
2024-04-01 09:17:00,1.07873,1.07877,1.07873,1.07877
2024-04-01 09:18:00,1.07878,1.07882,1.07877,1.07882
2024-04-01 09:19:00,1.07881,1.07883,1.07881,1.07882
2024-04-01 09:20:00,1.07881,1.07887,1.07881,1.07887
2024-04-01 09:21:00,1.07886,1.07887,1.07883,1.07886
2024-04-01 09:22:00,1.07885,1.07892,1.07885,1.07886
2024-04-01 09:23:00,1.07885,1.07895,1.07885,1.07894
2024-04-01 09:24:00,1.07894,1.07896,1.07886,1.0789
2024-04-01 09:25:00,1.07891,1.07898,1.0789,1.07892
2024-04-01 09:26:00,1.07893,1.07893,1.0788,1.0788
2024-04-01 09:27:00,1.0788,1.07887,1.07875,1.07875
2024-04-01 09:28:00,1.07876,1.07877,1.07872,1.07877
2024-04-01 09:29:00,1.07876,1.07882,1.07874,1.0788
2024-04-01 09:30:00,1.0788,1.07884,1.0788,1.0788
2024-04-01 09:31:00,1.0788,1.0788,1.07873,1.07873
2024-04-01 09:32:00,1.07874,1.0789,1.07874,1.07888
2024-04-01 09:33:00,1.0789,1.07894,1.07889,1.07892
2024-04-01 09:34:00,1.07892,1.07895,1.07891,1.07894
2024-04-01 09:35:00,1.07894,1.07897,1.07893,1.07895
2024-04-01 09:36:00,1.07895,1.07896,1.07894,1.07896
2024-04-01 09:37:00,1.07897,1.07904,1.07896,1.07897
2024-04-01 09:38:00,1.07898,1.07905,1.07897,1.07898
2024-04-01 09:39:00,1.07899,1.079,1.07898,1.07898
2024-04-01 09:40:00,1.07899,1.07903,1.07897,1.07902
2024-04-01 09:41:00,1.07902,1.07904,1.07896,1.07903
2024-04-01 09:42:00,1.07904,1.07905,1.07902,1.07903
2024-04-01 09:43:00,1.07902,1.07902,1.07892,1.07893
2024-04-01 09:44:00,1.07892,1.07893,1.07879,1.07881
2024-04-01 09:45:00,1.0788,1.07883,1.07877,1.07883
2024-04-01 09:46:00,1.07884,1.0789,1.07881,1.07885
2024-04-01 09:47:00,1.07884,1.07884,1.07874,1.07876
2024-04-01 09:48:00,1.07876,1.0788,1.07876,1.07878
2024-04-01 09:49:00,1.07879,1.07881,1.07879,1.0788
2024-04-01 09:50:00,1.0788,1.07881,1.07872,1.07872
2024-04-01 09:51:00,1.07871,1.07877,1.07871,1.07873
2024-04-01 09:52:00,1.07874,1.07874,1.07871,1.07872
2024-04-01 09:53:00,1.07872,1.07874,1.07872,1.07873
2024-04-01 09:54:00,1.07872,1.07874,1.07864,1.07865
2024-04-01 09:55:00,1.07865,1.07866,1.07859,1.07864
2024-04-01 09:56:00,1.07865,1.07873,1.07865,1.07869
2024-04-01 09:57:00,1.0787,1.07874,1.07866,1.07869
2024-04-01 09:58:00,1.07869,1.07869,1.0786,1.0786
2024-04-01 09:59:00,1.07859,1.07867,1.07859,1.07862
2024-04-01 10:00:00,1.0786,1.07868,1.07859,1.07864
2024-04-01 10:01:00,1.07863,1.07869,1.0786,1.07864
2024-04-01 10:02:00,1.07864,1.07864,1.07858,1.07859
2024-04-01 10:03:00,1.07859,1.07859,1.07851,1.07853
2024-04-01 10:04:00,1.07854,1.07857,1.07848,1.07849
2024-04-01 10:05:00,1.07849,1.0785,1.07838,1.07839
2024-04-01 10:06:00,1.0784,1.0784,1.07833,1.07833
2024-04-01 10:07:00,1.07834,1.07843,1.07834,1.07843
2024-04-01 10:08:00,1.07844,1.07844,1.0783,1.07833
2024-04-01 10:09:00,1.07832,1.07842,1.0783,1.07831
2024-04-01 10:10:00,1.07831,1.07838,1.07828,1.07829
2024-04-01 10:11:00,1.0783,1.07831,1.07828,1.0783
2024-04-01 10:12:00,1.07829,1.0783,1.07828,1.0783
2024-04-01 10:13:00,1.07829,1.07831,1.07829,1.07829
2024-04-01 10:14:00,1.07828,1.0783,1.07828,1.07829
2024-04-01 10:15:00,1.0783,1.0784,1.07829,1.07834
2024-04-01 10:16:00,1.07834,1.07836,1.0783,1.07834
2024-04-01 10:17:00,1.07834,1.07834,1.07819,1.07822
2024-04-01 10:18:00,1.07821,1.07821,1.07818,1.07819
2024-04-01 10:19:00,1.0782,1.07823,1.07816,1.07822
2024-04-01 10:20:00,1.07823,1.07825,1.07821,1.07824
2024-04-01 10:21:00,1.07825,1.07828,1.0782,1.07824
2024-04-01 10:22:00,1.07824,1.07824,1.07819,1.07821
2024-04-01 10:23:00,1.07822,1.07822,1.07815,1.07818
2024-04-01 10:24:00,1.07818,1.0782,1.07813,1.07817
2024-04-01 10:25:00,1.07816,1.07817,1.07808,1.07808
2024-04-01 10:26:00,1.07808,1.07814,1.07808,1.07813
2024-04-01 10:27:00,1.07814,1.07814,1.0781,1.07814
2024-04-01 10:28:00,1.07814,1.07822,1.07814,1.07819
2024-04-01 10:29:00,1.07818,1.0782,1.07812,1.07818
2024-04-01 10:30:00,1.07818,1.07819,1.07815,1.07818
2024-04-01 10:31:00,1.07818,1.07824,1.07817,1.07822
2024-04-01 10:32:00,1.07821,1.07822,1.07817,1.07818
2024-04-01 10:33:00,1.07818,1.07818,1.07814,1.07814
2024-04-01 10:34:00,1.07813,1.07814,1.07812,1.07813
2024-04-01 10:35:00,1.07814,1.07818,1.07813,1.07814
2024-04-01 10:36:00,1.07814,1.07818,1.07814,1.07818
2024-04-01 10:37:00,1.07818,1.07828,1.07818,1.07828
2024-04-01 10:38:00,1.07827,1.07829,1.07827,1.07828
2024-04-01 10:39:00,1.07827,1.07829,1.07826,1.07828
2024-04-01 10:40:00,1.07827,1.07828,1.07813,1.07815
2024-04-01 10:41:00,1.07816,1.07816,1.07813,1.07814
2024-04-01 10:42:00,1.07814,1.07815,1.07811,1.07812
2024-04-01 10:43:00,1.07811,1.07814,1.07808,1.0781
2024-04-01 10:44:00,1.0781,1.0781,1.07806,1.07808
2024-04-01 10:45:00,1.07807,1.07815,1.07806,1.07813
2024-04-01 10:46:00,1.07814,1.07815,1.07814,1.07815
2024-04-01 10:47:00,1.07815,1.07816,1.07812,1.07813
2024-04-01 10:48:00,1.07812,1.07814,1.07809,1.07813
2024-04-01 10:49:00,1.07812,1.07816,1.07812,1.07815
2024-04-01 10:50:00,1.07816,1.0782,1.07815,1.07817
2024-04-01 10:51:00,1.07816,1.07816,1.07803,1.07804
2024-04-01 10:52:00,1.07805,1.07805,1.07798,1.07798
2024-04-01 10:53:00,1.07799,1.07802,1.07798,1.07802
2024-04-01 10:54:00,1.07801,1.07803,1.07798,1.078
2024-04-01 10:55:00,1.078,1.078,1.078,1.078
2024-04-01 10:56:00,1.078,1.07802,1.07799,1.07799
2024-04-01 10:57:00,1.07798,1.07801,1.07798,1.078
2024-04-01 10:58:00,1.078,1.07806,1.078,1.07806
2024-04-01 10:59:00,1.07806,1.07816,1.07805,1.07815
2024-04-01 11:00:00,1.07815,1.07817,1.07814,1.07815
2024-04-01 11:01:00,1.07815,1.0782,1.07814,1.07819
2024-04-01 11:02:00,1.07818,1.07819,1.0781,1.0781
2024-04-01 11:03:00,1.07809,1.07811,1.07809,1.0781
2024-04-01 11:04:00,1.0781,1.0781,1.07804,1.07804
2024-04-01 11:05:00,1.07803,1.07807,1.078,1.07806
2024-04-01 11:06:00,1.07806,1.07812,1.07804,1.07811
2024-04-01 11:07:00,1.0781,1.07811,1.0781,1.07811
2024-04-01 11:08:00,1.0781,1.07811,1.0781,1.0781
2024-04-01 11:09:00,1.07811,1.07822,1.07811,1.07822
2024-04-01 11:10:00,1.07822,1.07832,1.07822,1.07832
2024-04-01 11:11:00,1.07832,1.07841,1.07832,1.07841
2024-04-01 11:12:00,1.0784,1.07845,1.0784,1.07841
2024-04-01 11:13:00,1.07841,1.07856,1.07841,1.07856
2024-04-01 11:14:00,1.07855,1.07856,1.0785,1.0785
2024-04-01 11:15:00,1.0785,1.0785,1.07835,1.07835
2024-04-01 11:16:00,1.07835,1.07841,1.07834,1.07841
2024-04-01 11:17:00,1.0784,1.07846,1.0784,1.07846
2024-04-01 11:18:00,1.07847,1.07848,1.07842,1.07842
2024-04-01 11:19:00,1.07841,1.07843,1.07833,1.07833
2024-04-01 11:20:00,1.07834,1.07836,1.07831,1.07836
2024-04-01 11:21:00,1.07835,1.07838,1.07834,1.07834
2024-04-01 11:22:00,1.07834,1.07836,1.07833,1.07835
2024-04-01 11:23:00,1.07835,1.07839,1.07831,1.07835
2024-04-01 11:24:00,1.07836,1.07836,1.07834,1.07835
2024-04-01 11:25:00,1.07836,1.07836,1.0783,1.0783
2024-04-01 11:26:00,1.0783,1.0783,1.07826,1.07828
2024-04-01 11:27:00,1.07828,1.07836,1.07827,1.07836
2024-04-01 11:28:00,1.07836,1.07836,1.07831,1.07833
2024-04-01 11:29:00,1.07832,1.0784,1.07831,1.07839
2024-04-01 11:30:00,1.0784,1.07841,1.07832,1.07836
2024-04-01 11:31:00,1.07836,1.07841,1.07836,1.0784
2024-04-01 11:32:00,1.07841,1.07872,1.07841,1.07872
2024-04-01 11:33:00,1.07871,1.07872,1.07861,1.0787
2024-04-01 11:34:00,1.0787,1.07878,1.07865,1.07877
2024-04-01 11:35:00,1.07876,1.07878,1.07872,1.07877
2024-04-01 11:36:00,1.07875,1.07877,1.07872,1.07873
2024-04-01 11:37:00,1.07872,1.07876,1.07869,1.07874
2024-04-01 11:38:00,1.07873,1.07873,1.07865,1.07866
2024-04-01 11:39:00,1.07867,1.07868,1.07865,1.07867
2024-04-01 11:40:00,1.07868,1.07868,1.07856,1.07857
2024-04-01 11:41:00,1.07856,1.07861,1.07856,1.07856
2024-04-01 11:42:00,1.07856,1.07858,1.07852,1.07852
2024-04-01 11:43:00,1.07852,1.07856,1.07852,1.07856
2024-04-01 11:44:00,1.07855,1.07855,1.0785,1.07852
2024-04-01 11:45:00,1.07851,1.07855,1.07851,1.07855
2024-04-01 11:46:00,1.07854,1.07855,1.0785,1.07854
2024-04-01 11:47:00,1.07853,1.07854,1.07851,1.07854
2024-04-01 11:48:00,1.07855,1.07855,1.07846,1.07847
2024-04-01 11:49:00,1.07848,1.07848,1.07841,1.07845
2024-04-01 11:50:00,1.07845,1.0785,1.07844,1.0785
2024-04-01 11:51:00,1.07851,1.07859,1.07851,1.07859
2024-04-01 11:52:00,1.07858,1.07859,1.07856,1.07857
2024-04-01 11:53:00,1.07858,1.07858,1.07847,1.07849
2024-04-01 11:54:00,1.07849,1.0785,1.07845,1.07845
2024-04-01 11:55:00,1.07844,1.07853,1.07842,1.07853
2024-04-01 11:56:00,1.07855,1.07856,1.07845,1.07846
2024-04-01 11:57:00,1.07845,1.07845,1.0784,1.07844
2024-04-01 11:58:00,1.07845,1.07845,1.07841,1.07843
2024-04-01 11:59:00,1.07842,1.07843,1.07838,1.07842
2024-04-01 12:00:00,1.07842,1.07858,1.07839,1.07857
2024-04-01 12:01:00,1.07858,1.07859,1.07848,1.07856
2024-04-01 12:02:00,1.07855,1.07858,1.0785,1.07857
2024-04-01 12:03:00,1.07856,1.0786,1.07856,1.07859
2024-04-01 12:04:00,1.07857,1.07858,1.07856,1.07857
2024-04-01 12:05:00,1.07856,1.07857,1.07855,1.07856
2024-04-01 12:06:00,1.07855,1.07856,1.07854,1.07855
2024-04-01 12:07:00,1.07855,1.07859,1.07854,1.07855
2024-04-01 12:08:00,1.07855,1.07855,1.0785,1.0785
2024-04-01 12:09:00,1.0785,1.07855,1.07829,1.07831
2024-04-01 12:10:00,1.0783,1.0783,1.0781,1.0781
2024-04-01 12:11:00,1.07808,1.07808,1.07799,1.07802
2024-04-01 12:12:00,1.07802,1.07816,1.07801,1.07816
2024-04-01 12:13:00,1.07817,1.07817,1.07804,1.07805
2024-04-01 12:14:00,1.07804,1.07804,1.07796,1.07796
2024-04-01 12:15:00,1.07796,1.07797,1.07792,1.07796
2024-04-01 12:16:00,1.07797,1.07798,1.07791,1.07797
2024-04-01 12:17:00,1.07798,1.07817,1.07796,1.07817
2024-04-01 12:18:00,1.07818,1.07826,1.07815,1.0782
2024-04-01 12:19:00,1.0782,1.0783,1.07814,1.07816
2024-04-01 12:20:00,1.07816,1.07816,1.07792,1.07796
2024-04-01 12:21:00,1.07796,1.07802,1.07791,1.07796
2024-04-01 12:22:00,1.07796,1.07798,1.07787,1.07797
2024-04-01 12:23:00,1.07798,1.07806,1.07787,1.07802
2024-04-01 12:24:00,1.07802,1.07804,1.07782,1.07782
2024-04-01 12:25:00,1.07784,1.07787,1.07773,1.07778
2024-04-01 12:26:00,1.07777,1.07789,1.07776,1.07786
2024-04-01 12:27:00,1.07787,1.07787,1.07776,1.07776
2024-04-01 12:28:00,1.07777,1.07784,1.07776,1.07782
2024-04-01 12:29:00,1.07782,1.07796,1.07782,1.07792
2024-04-01 12:30:00,1.07792,1.07806,1.07787,1.07801
2024-04-01 12:31:00,1.07802,1.07805,1.07791,1.07805
2024-04-01 12:32:00,1.07804,1.07805,1.078,1.078
2024-04-01 12:33:00,1.078,1.07802,1.0778,1.07782
2024-04-01 12:34:00,1.07782,1.07794,1.07776,1.0778
2024-04-01 12:35:00,1.0778,1.0778,1.07776,1.0778
2024-04-01 12:36:00,1.0778,1.07792,1.0778,1.07791
2024-04-01 12:37:00,1.0779,1.0779,1.07773,1.07787
2024-04-01 12:38:00,1.07787,1.07787,1.07776,1.07786
2024-04-01 12:39:00,1.07785,1.07805,1.07785,1.07801
2024-04-01 12:40:00,1.07802,1.07817,1.07796,1.07796
2024-04-01 12:41:00,1.07796,1.07797,1.07792,1.07796
2024-04-01 12:42:00,1.07795,1.07796,1.0779,1.07796
2024-04-01 12:43:00,1.07795,1.07795,1.07785,1.07785
2024-04-01 12:44:00,1.07784,1.07792,1.07782,1.07792
2024-04-01 12:45:00,1.07792,1.07797,1.0779,1.07796
2024-04-01 12:46:00,1.07796,1.07816,1.07796,1.07806
2024-04-01 12:47:00,1.07806,1.07816,1.07801,1.07801
2024-04-01 12:48:00,1.07802,1.07807,1.07801,1.07807
2024-04-01 12:49:00,1.07806,1.07811,1.07803,1.07806
2024-04-01 12:50:00,1.07804,1.07805,1.07796,1.07802
2024-04-01 12:51:00,1.07801,1.07801,1.07788,1.07792
2024-04-01 12:52:00,1.07792,1.07797,1.0778,1.0778
2024-04-01 12:53:00,1.0778,1.07788,1.07773,1.07787
2024-04-01 12:54:00,1.07787,1.07807,1.07787,1.07807
2024-04-01 12:55:00,1.07807,1.07825,1.07807,1.07822
2024-04-01 12:56:00,1.07821,1.07821,1.0781,1.0781
2024-04-01 12:57:00,1.07811,1.07811,1.07802,1.07806
2024-04-01 12:58:00,1.07807,1.07812,1.07805,1.07806
2024-04-01 12:59:00,1.07806,1.0782,1.07806,1.0782
2024-04-01 13:00:00,1.07819,1.0782,1.0781,1.07818
2024-04-01 13:01:00,1.07817,1.07817,1.07796,1.07798
2024-04-01 13:02:00,1.07799,1.07806,1.07799,1.07801
2024-04-01 13:03:00,1.078,1.07802,1.07795,1.07796
2024-04-01 13:04:00,1.07797,1.07806,1.07795,1.07806
2024-04-01 13:05:00,1.07806,1.07828,1.07806,1.07825
2024-04-01 13:06:00,1.07824,1.0783,1.07821,1.07821
2024-04-01 13:07:00,1.07821,1.07831,1.0782,1.0782
2024-04-01 13:08:00,1.07821,1.07823,1.07816,1.0782
2024-04-01 13:09:00,1.0782,1.07822,1.07815,1.07821
2024-04-01 13:10:00,1.0782,1.0782,1.07814,1.07816
2024-04-01 13:11:00,1.07816,1.07816,1.0781,1.07811
2024-04-01 13:12:00,1.07812,1.07814,1.07801,1.07812
2024-04-01 13:13:00,1.07812,1.07816,1.07796,1.07797
2024-04-01 13:14:00,1.07796,1.07802,1.07795,1.07797
2024-04-01 13:15:00,1.07797,1.07802,1.07793,1.07802
2024-04-01 13:16:00,1.07801,1.07804,1.07793,1.07795
2024-04-01 13:17:00,1.07794,1.07797,1.07791,1.07792
2024-04-01 13:18:00,1.07791,1.07806,1.0779,1.07802
2024-04-01 13:19:00,1.07801,1.07801,1.07795,1.07796
2024-04-01 13:20:00,1.07796,1.07796,1.07786,1.07787
2024-04-01 13:21:00,1.07788,1.07793,1.07788,1.07792
2024-04-01 13:22:00,1.07793,1.07807,1.07792,1.07807
2024-04-01 13:23:00,1.07806,1.07812,1.07802,1.07802
2024-04-01 13:24:00,1.07804,1.07806,1.07796,1.07797
2024-04-01 13:25:00,1.07798,1.07802,1.07797,1.07802
2024-04-01 13:26:00,1.07802,1.07805,1.078,1.07802
2024-04-01 13:27:00,1.07803,1.0781,1.07803,1.07808
2024-04-01 13:28:00,1.07807,1.0781,1.07801,1.07802
2024-04-01 13:29:00,1.07802,1.07804,1.07784,1.07787
2024-04-01 13:30:00,1.07787,1.07798,1.07784,1.07787
2024-04-01 13:31:00,1.07787,1.07802,1.07783,1.078
2024-04-01 13:32:00,1.078,1.078,1.07778,1.0778
2024-04-01 13:33:00,1.07781,1.07782,1.07772,1.07778
2024-04-01 13:34:00,1.07778,1.07792,1.07778,1.07784
2024-04-01 13:35:00,1.07784,1.07804,1.07782,1.07799
2024-04-01 13:36:00,1.07798,1.07803,1.07789,1.07792
2024-04-01 13:37:00,1.0779,1.07803,1.07788,1.07792
2024-04-01 13:38:00,1.07792,1.07798,1.07783,1.07783
2024-04-01 13:39:00,1.07784,1.07784,1.07774,1.07777
2024-04-01 13:40:00,1.07776,1.07783,1.07771,1.07783
2024-04-01 13:41:00,1.07784,1.07787,1.07782,1.07782
2024-04-01 13:42:00,1.07782,1.07783,1.07769,1.07774
2024-04-01 13:43:00,1.07774,1.07774,1.07767,1.07768
2024-04-01 13:44:00,1.07768,1.07771,1.07763,1.07766
2024-04-01 13:45:00,1.07767,1.07787,1.07765,1.07774
2024-04-01 13:46:00,1.07773,1.07777,1.07758,1.07762
2024-04-01 13:47:00,1.07763,1.07766,1.07738,1.07739
2024-04-01 13:48:00,1.07738,1.07748,1.07731,1.0774
2024-04-01 13:49:00,1.0774,1.07742,1.07728,1.07733
2024-04-01 13:50:00,1.07732,1.07737,1.07722,1.07723
2024-04-01 13:51:00,1.07723,1.07733,1.07721,1.0773
2024-04-01 13:52:00,1.0773,1.07734,1.07721,1.07726
2024-04-01 13:53:00,1.07726,1.07732,1.0772,1.07726
2024-04-01 13:54:00,1.07727,1.07728,1.07718,1.07721
2024-04-01 13:55:00,1.07722,1.07737,1.07721,1.07736
2024-04-01 13:56:00,1.07735,1.07749,1.07731,1.07743
2024-04-01 13:57:00,1.07744,1.07744,1.07735,1.07736
2024-04-01 13:58:00,1.07737,1.0775,1.07731,1.07732
2024-04-01 13:59:00,1.07733,1.07744,1.07733,1.0774
2024-04-01 14:00:00,1.07734,1.07738,1.07582,1.07596
2024-04-01 14:01:00,1.07597,1.07608,1.07576,1.07586
2024-04-01 14:02:00,1.07586,1.07586,1.07543,1.07543
2024-04-01 14:03:00,1.07542,1.07557,1.07532,1.07549
2024-04-01 14:04:00,1.07548,1.07548,1.075,1.07513
2024-04-01 14:05:00,1.07514,1.07524,1.07492,1.07492
2024-04-01 14:06:00,1.07492,1.07496,1.07477,1.07483
2024-04-01 14:07:00,1.07482,1.07494,1.07472,1.07492
2024-04-01 14:08:00,1.07493,1.07511,1.07473,1.07511
2024-04-01 14:09:00,1.07512,1.07512,1.07479,1.07482
2024-04-01 14:10:00,1.07481,1.07481,1.07457,1.07459
2024-04-01 14:11:00,1.0746,1.0748,1.07452,1.07459
2024-04-01 14:12:00,1.07458,1.07462,1.0745,1.07455
2024-04-01 14:13:00,1.07455,1.075,1.07455,1.07495
2024-04-01 14:14:00,1.07494,1.07504,1.07476,1.07504
2024-04-01 14:15:00,1.07504,1.07515,1.07483,1.07514
2024-04-01 14:16:00,1.07514,1.07514,1.07475,1.07483
2024-04-01 14:17:00,1.07482,1.07484,1.0745,1.07454
2024-04-01 14:18:00,1.07454,1.0746,1.07448,1.07452
2024-04-01 14:19:00,1.07452,1.07468,1.0745,1.07459
2024-04-01 14:20:00,1.07458,1.07466,1.07446,1.07447
2024-04-01 14:21:00,1.07446,1.07468,1.07446,1.07463
2024-04-01 14:22:00,1.07462,1.07475,1.07458,1.07466
2024-04-01 14:23:00,1.07466,1.07483,1.07457,1.07463
2024-04-01 14:24:00,1.07464,1.07464,1.07445,1.0745
2024-04-01 14:25:00,1.0745,1.07455,1.07438,1.07443
2024-04-01 14:26:00,1.07442,1.0745,1.0744,1.07445
2024-04-01 14:27:00,1.07444,1.07458,1.0744,1.07455
2024-04-01 14:28:00,1.07455,1.07456,1.0745,1.07452
2024-04-01 14:29:00,1.07451,1.07451,1.07437,1.07442
2024-04-01 14:30:00,1.07442,1.07444,1.07427,1.07439
2024-04-01 14:31:00,1.07438,1.0746,1.07437,1.07459
2024-04-01 14:32:00,1.0746,1.07478,1.0746,1.07474
2024-04-01 14:33:00,1.07474,1.07489,1.07462,1.07485
2024-04-01 14:34:00,1.07485,1.07485,1.07466,1.07469
2024-04-01 14:35:00,1.07469,1.07469,1.07424,1.07429
2024-04-01 14:36:00,1.07428,1.07434,1.07424,1.07428
2024-04-01 14:37:00,1.07428,1.07435,1.07418,1.07435
2024-04-01 14:38:00,1.07434,1.07436,1.07424,1.07428
2024-04-01 14:39:00,1.07427,1.07429,1.07419,1.0742
2024-04-01 14:40:00,1.0742,1.07421,1.07414,1.07415
2024-04-01 14:41:00,1.07414,1.0742,1.07412,1.07419
2024-04-01 14:42:00,1.07418,1.0742,1.07414,1.07418
2024-04-01 14:43:00,1.07418,1.07418,1.07401,1.07404
2024-04-01 14:44:00,1.07404,1.07412,1.07402,1.07405
2024-04-01 14:45:00,1.07404,1.07406,1.07396,1.07404
2024-04-01 14:46:00,1.07405,1.07421,1.07404,1.07419
2024-04-01 14:47:00,1.07418,1.07428,1.07418,1.07423
2024-04-01 14:48:00,1.07425,1.07434,1.0742,1.07433
2024-04-01 14:49:00,1.07432,1.07446,1.07427,1.07446
2024-04-01 14:50:00,1.07448,1.07448,1.07424,1.0743
2024-04-01 14:51:00,1.0743,1.07445,1.07427,1.07428
2024-04-01 14:52:00,1.07428,1.0744,1.07426,1.07438
2024-04-01 14:53:00,1.07438,1.07438,1.07425,1.07428
2024-04-01 14:54:00,1.07428,1.07435,1.07425,1.07434
2024-04-01 14:55:00,1.07435,1.07449,1.0743,1.07448
2024-04-01 14:56:00,1.07449,1.07464,1.07448,1.07464
2024-04-01 14:57:00,1.07463,1.07468,1.07455,1.07455
2024-04-01 14:58:00,1.07456,1.07458,1.07439,1.07441
2024-04-01 14:59:00,1.0744,1.0745,1.07438,1.07445
2024-04-01 15:00:00,1.07445,1.07455,1.07427,1.07428
2024-04-01 15:01:00,1.07428,1.07438,1.07427,1.07434
2024-04-01 15:02:00,1.07434,1.0744,1.07429,1.07433
2024-04-01 15:03:00,1.07432,1.0745,1.07428,1.07435
2024-04-01 15:04:00,1.07434,1.07439,1.07424,1.07429
2024-04-01 15:05:00,1.0743,1.0744,1.07409,1.07415
2024-04-01 15:06:00,1.07414,1.07424,1.074,1.07405
2024-04-01 15:07:00,1.07405,1.07423,1.07398,1.07402
2024-04-01 15:08:00,1.07401,1.07405,1.07396,1.07404
2024-04-01 15:09:00,1.07402,1.07412,1.074,1.0741
2024-04-01 15:10:00,1.0741,1.07418,1.07406,1.07416
2024-04-01 15:11:00,1.07415,1.07425,1.07415,1.07422
2024-04-01 15:12:00,1.07423,1.07423,1.07412,1.07413
2024-04-01 15:13:00,1.07412,1.07416,1.07405,1.07416
2024-04-01 15:14:00,1.07416,1.0742,1.07413,1.0742
2024-04-01 15:15:00,1.07421,1.07425,1.07414,1.07414
2024-04-01 15:16:00,1.07414,1.07424,1.07404,1.07424
2024-04-01 15:17:00,1.07423,1.07423,1.07406,1.07406
2024-04-01 15:18:00,1.07406,1.07414,1.07404,1.0741
2024-04-01 15:19:00,1.0741,1.0741,1.07403,1.07403
2024-04-01 15:20:00,1.07402,1.07408,1.07396,1.07408
2024-04-01 15:21:00,1.07407,1.0741,1.074,1.07409
2024-04-01 15:22:00,1.07408,1.07419,1.07407,1.0741
2024-04-01 15:23:00,1.07409,1.0741,1.07402,1.07407
2024-04-01 15:24:00,1.07407,1.07413,1.07405,1.07412
2024-04-01 15:25:00,1.07412,1.07413,1.07397,1.07397
2024-04-01 15:26:00,1.07396,1.07396,1.0738,1.07384
2024-04-01 15:27:00,1.07385,1.0739,1.07384,1.07389
2024-04-01 15:28:00,1.07388,1.07389,1.07377,1.07378
2024-04-01 15:29:00,1.07377,1.07383,1.07375,1.07383
2024-04-01 15:30:00,1.07382,1.07389,1.07374,1.07374
2024-04-01 15:31:00,1.07373,1.07374,1.07348,1.07364
2024-04-01 15:32:00,1.07363,1.07363,1.0735,1.07351
2024-04-01 15:33:00,1.07352,1.07353,1.07348,1.07349
2024-04-01 15:34:00,1.07348,1.0736,1.07348,1.07357
2024-04-01 15:35:00,1.07356,1.07356,1.07334,1.07338
2024-04-01 15:36:00,1.07337,1.07348,1.07336,1.07344
2024-04-01 15:37:00,1.07343,1.07343,1.07325,1.07326
2024-04-01 15:38:00,1.07325,1.07341,1.07325,1.07338
2024-04-01 15:39:00,1.07338,1.0735,1.07338,1.07343
2024-04-01 15:40:00,1.07342,1.07344,1.07324,1.07325
2024-04-01 15:41:00,1.07324,1.07334,1.07324,1.07333
2024-04-01 15:42:00,1.07333,1.07338,1.07332,1.07333
2024-04-01 15:43:00,1.07332,1.07338,1.0733,1.07332
2024-04-01 15:44:00,1.07332,1.07334,1.07332,1.07333
2024-04-01 15:45:00,1.07333,1.07333,1.07323,1.07323
2024-04-01 15:46:00,1.07323,1.07324,1.07318,1.07321
2024-04-01 15:47:00,1.0732,1.07327,1.07318,1.07318
2024-04-01 15:48:00,1.07318,1.07335,1.07318,1.07333
2024-04-01 15:49:00,1.07332,1.07333,1.07326,1.07332
2024-04-01 15:50:00,1.07332,1.07337,1.07328,1.07332
2024-04-01 15:51:00,1.07331,1.07332,1.07323,1.07325
2024-04-01 15:52:00,1.07325,1.07328,1.07315,1.07317
2024-04-01 15:53:00,1.07318,1.07323,1.07313,1.07313
2024-04-01 15:54:00,1.07312,1.07318,1.07311,1.07318
2024-04-01 15:55:00,1.07318,1.07324,1.07314,1.07314
2024-04-01 15:56:00,1.07315,1.07333,1.07315,1.07328
2024-04-01 15:57:00,1.07328,1.07334,1.07326,1.07333
2024-04-01 15:58:00,1.07332,1.07335,1.07328,1.0733
2024-04-01 15:59:00,1.07329,1.07334,1.07327,1.07328
2024-04-01 16:00:00,1.07328,1.07334,1.07323,1.07324
2024-04-01 16:01:00,1.07324,1.07326,1.07316,1.07319
2024-04-01 16:02:00,1.0732,1.07329,1.07319,1.07326
2024-04-01 16:03:00,1.07326,1.07328,1.07324,1.07327
2024-04-01 16:04:00,1.07326,1.07332,1.07325,1.07328
2024-04-01 16:05:00,1.07327,1.07335,1.07327,1.07334
2024-04-01 16:06:00,1.07333,1.07338,1.07329,1.07334
2024-04-01 16:07:00,1.07333,1.07334,1.07326,1.07328
2024-04-01 16:08:00,1.07328,1.07336,1.07328,1.07335
2024-04-01 16:09:00,1.07335,1.07338,1.07334,1.07334
2024-04-01 16:10:00,1.07333,1.07334,1.07324,1.07324
2024-04-01 16:11:00,1.07323,1.07328,1.07314,1.07328
2024-04-01 16:12:00,1.07328,1.07334,1.07324,1.0733
2024-04-01 16:13:00,1.0733,1.07334,1.07321,1.07334
2024-04-01 16:14:00,1.07333,1.07348,1.07333,1.07348
2024-04-01 16:15:00,1.07347,1.07354,1.07346,1.07352
2024-04-01 16:16:00,1.07351,1.07352,1.07344,1.07352
2024-04-01 16:17:00,1.07352,1.07352,1.07343,1.07344
2024-04-01 16:18:00,1.07344,1.07346,1.07342,1.07344
2024-04-01 16:19:00,1.07344,1.07348,1.07344,1.07348
2024-04-01 16:20:00,1.07348,1.07354,1.07348,1.07354
2024-04-01 16:21:00,1.07354,1.07354,1.07347,1.07354
2024-04-01 16:22:00,1.07353,1.07362,1.0735,1.07361
2024-04-01 16:23:00,1.0736,1.07368,1.07358,1.07364
2024-04-01 16:24:00,1.07364,1.07364,1.07357,1.07357
2024-04-01 16:25:00,1.07356,1.07364,1.07355,1.07355
2024-04-01 16:26:00,1.07354,1.07364,1.07354,1.07363
2024-04-01 16:27:00,1.07362,1.07364,1.07362,1.07362
2024-04-01 16:28:00,1.07362,1.07365,1.0736,1.0736
2024-04-01 16:29:00,1.0736,1.0736,1.07354,1.07359
2024-04-01 16:30:00,1.0736,1.0736,1.07355,1.07358
2024-04-01 16:31:00,1.07359,1.07364,1.07357,1.07358
2024-04-01 16:32:00,1.07358,1.07358,1.0735,1.07352
2024-04-01 16:33:00,1.07352,1.07358,1.07349,1.07349
2024-04-01 16:34:00,1.07348,1.07359,1.07344,1.07359
2024-04-01 16:35:00,1.0736,1.07361,1.07357,1.0736
2024-04-01 16:36:00,1.07359,1.07359,1.07354,1.07354
2024-04-01 16:37:00,1.07354,1.07355,1.07354,1.07354
2024-04-01 16:38:00,1.07354,1.07354,1.07346,1.0735
2024-04-01 16:39:00,1.07349,1.0735,1.07344,1.0735
2024-04-01 16:40:00,1.0735,1.0736,1.0735,1.07353
2024-04-01 16:41:00,1.07354,1.07355,1.0735,1.0735
2024-04-01 16:42:00,1.07351,1.0736,1.0735,1.07358
2024-04-01 16:43:00,1.07358,1.07365,1.07356,1.07365
2024-04-01 16:44:00,1.07365,1.07365,1.0736,1.0736
2024-04-01 16:45:00,1.0736,1.07366,1.0736,1.07365
2024-04-01 16:46:00,1.07366,1.07366,1.07363,1.07366
2024-04-01 16:47:00,1.07366,1.07366,1.0736,1.07361
2024-04-01 16:48:00,1.0736,1.07361,1.07356,1.0736
2024-04-01 16:49:00,1.0736,1.07361,1.0736,1.0736
2024-04-01 16:50:00,1.0736,1.07368,1.0736,1.07365
2024-04-01 16:51:00,1.07364,1.07366,1.07362,1.07365
2024-04-01 16:52:00,1.07365,1.07366,1.07365,1.07365
2024-04-01 16:53:00,1.07366,1.07366,1.07356,1.07356
2024-04-01 16:54:00,1.07357,1.0736,1.07351,1.07358
2024-04-01 16:55:00,1.07358,1.0736,1.07352,1.07356
2024-04-01 16:56:00,1.07356,1.07362,1.07356,1.07362
2024-04-01 16:57:00,1.07361,1.0737,1.07361,1.07368
2024-04-01 16:58:00,1.07368,1.0737,1.07366,1.0737
2024-04-01 16:59:00,1.0737,1.0737,1.07365,1.07366
2024-04-01 17:00:00,1.07366,1.07381,1.07366,1.07378
2024-04-01 17:01:00,1.07378,1.07382,1.07376,1.07376
2024-04-01 17:02:00,1.07376,1.07376,1.0737,1.07376
2024-04-01 17:03:00,1.07375,1.07386,1.07372,1.07384
2024-04-01 17:04:00,1.07384,1.07386,1.07383,1.07386
2024-04-01 17:05:00,1.07385,1.07385,1.07382,1.07385
2024-04-01 17:06:00,1.07385,1.07404,1.07384,1.07404
2024-04-01 17:07:00,1.07404,1.07408,1.07404,1.07406
2024-04-01 17:08:00,1.07406,1.07407,1.074,1.074
2024-04-01 17:09:00,1.074,1.07406,1.07398,1.07406
2024-04-01 17:10:00,1.07405,1.07406,1.074,1.07402
2024-04-01 17:11:00,1.07402,1.07405,1.07396,1.07405
2024-04-01 17:12:00,1.07406,1.0741,1.07405,1.0741
2024-04-01 17:13:00,1.0741,1.07412,1.0741,1.0741
2024-04-01 17:14:00,1.07411,1.0742,1.0741,1.0742
2024-04-01 17:15:00,1.07419,1.07419,1.0741,1.07416
2024-04-01 17:16:00,1.07416,1.07416,1.07414,1.07416
2024-04-01 17:17:00,1.07416,1.07416,1.0741,1.0741
2024-04-01 17:18:00,1.07409,1.07416,1.07405,1.07416
2024-04-01 17:19:00,1.07416,1.07432,1.07416,1.07426
2024-04-01 17:20:00,1.07425,1.07431,1.0742,1.0743
2024-04-01 17:21:00,1.0743,1.07431,1.07425,1.0743
2024-04-01 17:22:00,1.0743,1.07441,1.07429,1.07441
2024-04-01 17:23:00,1.07441,1.07442,1.07436,1.0744
2024-04-01 17:24:00,1.07439,1.0744,1.07434,1.07436
2024-04-01 17:25:00,1.07435,1.07435,1.07423,1.0743
2024-04-01 17:26:00,1.0743,1.07436,1.0743,1.07435
2024-04-01 17:27:00,1.07435,1.07436,1.07427,1.0743
2024-04-01 17:28:00,1.07429,1.07431,1.07426,1.07426
2024-04-01 17:29:00,1.07426,1.07426,1.07425,1.07425
2024-04-01 17:30:00,1.07425,1.07426,1.07423,1.07425
2024-04-01 17:31:00,1.07425,1.07425,1.0742,1.0742
2024-04-01 17:32:00,1.0742,1.0742,1.07418,1.0742
2024-04-01 17:33:00,1.0742,1.0742,1.07419,1.07419
2024-04-01 17:34:00,1.07418,1.0742,1.07405,1.07405
2024-04-01 17:35:00,1.07404,1.0741,1.07403,1.07408
2024-04-01 17:36:00,1.07406,1.07415,1.07405,1.0741
2024-04-01 17:37:00,1.0741,1.07414,1.07409,1.07413
2024-04-01 17:38:00,1.07412,1.07418,1.07409,1.07418
2024-04-01 17:39:00,1.07416,1.07418,1.07402,1.07404
2024-04-01 17:40:00,1.07404,1.07408,1.07403,1.07407
2024-04-01 17:41:00,1.07408,1.07409,1.07406,1.07408
2024-04-01 17:42:00,1.07409,1.07409,1.07402,1.07403
2024-04-01 17:43:00,1.07404,1.0741,1.07403,1.0741
2024-04-01 17:44:00,1.0741,1.07415,1.0741,1.07414
2024-04-01 17:45:00,1.07412,1.07414,1.07408,1.07409
2024-04-01 17:46:00,1.07408,1.0741,1.07406,1.07409
2024-04-01 17:47:00,1.07408,1.07408,1.07402,1.07404
2024-04-01 17:49:00,1.07404,1.07404,1.074,1.07403
2024-04-01 17:50:00,1.07404,1.07405,1.07402,1.07404
2024-04-01 17:51:00,1.07404,1.07405,1.07403,1.07405
2024-04-01 17:52:00,1.07404,1.0741,1.07404,1.0741
2024-04-01 17:53:00,1.07408,1.0741,1.07407,1.0741
2024-04-01 17:54:00,1.0741,1.07415,1.07409,1.07414
2024-04-01 17:55:00,1.07414,1.07415,1.07414,1.07415
2024-04-01 17:56:00,1.07416,1.0742,1.07414,1.07418
2024-04-01 17:57:00,1.07418,1.0742,1.07415,1.0742
2024-04-01 17:58:00,1.0742,1.0742,1.07418,1.07419
2024-04-01 17:59:00,1.07418,1.07419,1.07418,1.07418
2024-04-01 18:00:00,1.07419,1.07423,1.0741,1.07413
2024-04-01 18:01:00,1.07414,1.07419,1.07412,1.07418
2024-04-01 18:02:00,1.07418,1.0742,1.07414,1.07414
2024-04-01 18:03:00,1.07414,1.07414,1.0741,1.0741
2024-04-01 18:04:00,1.0741,1.07416,1.07409,1.07415
2024-04-01 18:05:00,1.07416,1.07416,1.07409,1.0741
2024-04-01 18:06:00,1.07411,1.07418,1.0741,1.07418
2024-04-01 18:07:00,1.07417,1.0742,1.07416,1.07419
2024-04-01 18:08:00,1.0742,1.0742,1.07408,1.07408
2024-04-01 18:09:00,1.07408,1.07414,1.07408,1.07414
2024-04-01 18:10:00,1.07413,1.07414,1.07408,1.07408
2024-04-01 18:11:00,1.07408,1.07408,1.07405,1.07407
2024-04-01 18:12:00,1.07408,1.07412,1.07406,1.07408
2024-04-01 18:13:00,1.07409,1.07419,1.07409,1.07418
2024-04-01 18:14:00,1.07418,1.0742,1.07409,1.07409
2024-04-01 18:15:00,1.07408,1.07408,1.07408,1.07408
2024-04-01 18:16:00,1.07408,1.07413,1.07408,1.07413
2024-04-01 18:17:00,1.07414,1.0742,1.07414,1.0742
2024-04-01 18:18:00,1.07419,1.07419,1.07414,1.07414
2024-04-01 18:19:00,1.07414,1.07418,1.07414,1.07418
2024-04-01 18:20:00,1.07418,1.07423,1.07418,1.07423
2024-04-01 18:21:00,1.07422,1.07422,1.07419,1.0742
2024-04-01 18:22:00,1.0742,1.07424,1.07417,1.07419
2024-04-01 18:23:00,1.0742,1.07428,1.0742,1.07428
2024-04-01 18:24:00,1.07428,1.07428,1.0742,1.07421
2024-04-01 18:25:00,1.07421,1.07424,1.07415,1.07415
2024-04-01 18:26:00,1.07414,1.07418,1.0741,1.07418
2024-04-01 18:27:00,1.07418,1.07418,1.07412,1.07412
2024-04-01 18:28:00,1.07413,1.07416,1.07413,1.07415
2024-04-01 18:29:00,1.07416,1.07416,1.07409,1.0741
2024-04-01 18:30:00,1.0741,1.07415,1.0741,1.0741
2024-04-01 18:31:00,1.07412,1.07413,1.07404,1.07406
2024-04-01 18:32:00,1.07406,1.07406,1.07395,1.07396
2024-04-01 18:33:00,1.07395,1.07395,1.07386,1.07387
2024-04-01 18:34:00,1.07388,1.07388,1.07384,1.07384
2024-04-01 18:35:00,1.07384,1.07385,1.07382,1.07384
2024-04-01 18:36:00,1.07384,1.07392,1.07383,1.07384
2024-04-01 18:37:00,1.07384,1.07384,1.07379,1.0738
2024-04-01 18:38:00,1.0738,1.0738,1.07379,1.0738
2024-04-01 18:39:00,1.0738,1.0738,1.07378,1.07379
2024-04-01 18:40:00,1.0738,1.07382,1.0738,1.0738
2024-04-01 18:41:00,1.0738,1.07382,1.07374,1.07374
2024-04-01 18:42:00,1.07373,1.07375,1.0737,1.0737
2024-04-01 18:43:00,1.0737,1.07379,1.0737,1.07377
2024-04-01 18:44:00,1.07377,1.07379,1.07374,1.07378
2024-04-01 18:45:00,1.07378,1.07379,1.07374,1.07375
2024-04-01 18:46:00,1.07374,1.0738,1.07372,1.07375
2024-04-01 18:47:00,1.07376,1.07377,1.07374,1.07375
2024-04-01 18:48:00,1.07374,1.07376,1.07374,1.07375
2024-04-01 18:49:00,1.07376,1.07376,1.07374,1.07375
2024-04-01 18:50:00,1.07374,1.0738,1.07373,1.0738
2024-04-01 18:51:00,1.0738,1.07385,1.07378,1.07379
2024-04-01 18:52:00,1.07378,1.0738,1.07377,1.07378
2024-04-01 18:53:00,1.07379,1.07391,1.07378,1.07391
2024-04-01 18:54:00,1.0739,1.0739,1.07386,1.07386
2024-04-01 18:55:00,1.07386,1.07391,1.07386,1.07391
2024-04-01 18:56:00,1.07392,1.07392,1.07373,1.07376
2024-04-01 18:57:00,1.07375,1.07377,1.07372,1.07376
2024-04-01 18:58:00,1.07376,1.07386,1.07376,1.0738
2024-04-01 18:59:00,1.0738,1.07382,1.07373,1.07376
2024-04-01 19:00:00,1.07377,1.07394,1.07376,1.07394
2024-04-01 19:01:00,1.07393,1.074,1.0739,1.074
2024-04-01 19:02:00,1.074,1.07416,1.074,1.07416
2024-04-01 19:03:00,1.07416,1.07423,1.07416,1.0742
2024-04-01 19:04:00,1.0742,1.07424,1.07418,1.07424
2024-04-01 19:05:00,1.07422,1.0743,1.07415,1.07419
2024-04-01 19:06:00,1.0742,1.07421,1.07416,1.0742
2024-04-01 19:07:00,1.0742,1.0742,1.07408,1.0741
2024-04-01 19:08:00,1.0741,1.07417,1.07404,1.07416
2024-04-01 19:09:00,1.07416,1.0742,1.07416,1.0742
2024-04-01 19:10:00,1.0742,1.07421,1.07417,1.0742
2024-04-01 19:11:00,1.07419,1.07421,1.07416,1.0742
2024-04-01 19:12:00,1.0742,1.0742,1.07416,1.0742
2024-04-01 19:13:00,1.0742,1.07422,1.07418,1.07421
2024-04-01 19:14:00,1.0742,1.07421,1.07416,1.07416
2024-04-01 19:15:00,1.07416,1.07417,1.0741,1.07415
2024-04-01 19:16:00,1.07415,1.0742,1.07415,1.07416
2024-04-01 19:17:00,1.07416,1.07419,1.07414,1.07416
2024-04-01 19:18:00,1.07416,1.07417,1.07409,1.0741
2024-04-01 19:19:00,1.07409,1.07415,1.07406,1.0741
2024-04-01 19:20:00,1.0741,1.07412,1.0741,1.0741
2024-04-01 19:21:00,1.0741,1.0742,1.0741,1.07416
2024-04-01 19:22:00,1.07415,1.07416,1.0741,1.07415
2024-04-01 19:23:00,1.07415,1.07417,1.07415,1.07416
2024-04-01 19:24:00,1.07416,1.07422,1.07416,1.07421
2024-04-01 19:25:00,1.0742,1.0742,1.07412,1.07418
2024-04-01 19:26:00,1.07417,1.07417,1.07407,1.07416
2024-04-01 19:27:00,1.07416,1.07416,1.07411,1.07411
2024-04-01 19:28:00,1.0741,1.07411,1.0741,1.0741
2024-04-01 19:29:00,1.0741,1.0741,1.074,1.07401
2024-04-01 19:30:00,1.074,1.07402,1.074,1.074
2024-04-01 19:31:00,1.07401,1.07402,1.07396,1.07396
2024-04-01 19:32:00,1.07397,1.07418,1.07396,1.07418
2024-04-01 19:33:00,1.07418,1.07418,1.07412,1.07412
2024-04-01 19:34:00,1.07412,1.07415,1.07412,1.07412
2024-04-01 19:35:00,1.07412,1.07413,1.07404,1.07407
2024-04-01 19:36:00,1.07406,1.07407,1.07398,1.07404
2024-04-01 19:37:00,1.07403,1.07412,1.07402,1.07412
2024-04-01 19:38:00,1.07412,1.07418,1.07412,1.07412
2024-04-01 19:39:00,1.07412,1.07414,1.0741,1.07413
2024-04-01 19:40:00,1.07412,1.07413,1.07406,1.07407
2024-04-01 19:41:00,1.07407,1.07407,1.07406,1.07406
2024-04-01 19:42:00,1.07406,1.07415,1.07406,1.07412
2024-04-01 19:43:00,1.07412,1.07416,1.07411,1.07412
2024-04-01 19:44:00,1.07412,1.07414,1.07412,1.07412
2024-04-01 19:45:00,1.07412,1.07413,1.0741,1.07412
2024-04-01 19:46:00,1.07412,1.07413,1.07408,1.07412
2024-04-01 19:47:00,1.07413,1.07413,1.07412,1.07412
2024-04-01 19:48:00,1.07412,1.07414,1.07412,1.07413
2024-04-01 19:49:00,1.07412,1.07413,1.07407,1.07408
2024-04-01 19:50:00,1.07407,1.07408,1.07402,1.07403
2024-04-01 19:51:00,1.07403,1.0741,1.07402,1.07408
2024-04-01 19:52:00,1.07409,1.07412,1.07406,1.0741
2024-04-01 19:53:00,1.0741,1.07412,1.07407,1.07412
2024-04-01 19:54:00,1.07412,1.07418,1.0741,1.07411
2024-04-01 19:55:00,1.07412,1.07418,1.07412,1.07416
2024-04-01 19:56:00,1.07416,1.0742,1.07412,1.07414
2024-04-01 19:57:00,1.07415,1.07422,1.07414,1.07421
2024-04-01 19:58:00,1.07422,1.07423,1.07414,1.07416
2024-04-01 19:59:00,1.07416,1.0742,1.07414,1.07419
2024-04-01 20:00:00,1.07418,1.07423,1.07418,1.07423
2024-04-01 20:01:00,1.07424,1.07424,1.07415,1.07422
2024-04-01 20:02:00,1.07422,1.07424,1.07418,1.07421
2024-04-01 20:03:00,1.07421,1.07422,1.0742,1.07421
2024-04-01 20:04:00,1.0742,1.07422,1.07417,1.07418
2024-04-01 20:05:00,1.07419,1.07421,1.07416,1.07419
2024-04-01 20:06:00,1.0742,1.07422,1.07416,1.07421
2024-04-01 20:07:00,1.07422,1.07426,1.07421,1.07426
2024-04-01 20:08:00,1.07426,1.07428,1.07424,1.07425
2024-04-01 20:09:00,1.07426,1.07426,1.07421,1.07421
2024-04-01 20:10:00,1.07421,1.07425,1.07421,1.07422
2024-04-01 20:11:00,1.07421,1.07422,1.0742,1.07421
2024-04-01 20:12:00,1.07421,1.07426,1.07421,1.07426
2024-04-01 20:13:00,1.07426,1.07428,1.07425,1.07426
2024-04-01 20:14:00,1.07426,1.07427,1.07425,1.07426
2024-04-01 20:15:00,1.07428,1.07428,1.07426,1.07426
2024-04-01 20:16:00,1.07426,1.07428,1.07423,1.07426
2024-04-01 20:17:00,1.07426,1.07426,1.07422,1.07426
2024-04-01 20:18:00,1.07426,1.07428,1.07425,1.07425
2024-04-01 20:19:00,1.07426,1.07426,1.07425,1.07425
2024-04-01 20:20:00,1.07426,1.07427,1.07424,1.07425
2024-04-01 20:21:00,1.07425,1.07426,1.07425,1.07425
2024-04-01 20:22:00,1.07425,1.07425,1.07425,1.07425
2024-04-01 20:23:00,1.07426,1.07426,1.07425,1.07425
2024-04-01 20:24:00,1.07425,1.07425,1.07421,1.07422
2024-04-01 20:25:00,1.07422,1.07422,1.0742,1.0742
2024-04-01 20:26:00,1.07419,1.0742,1.07418,1.07419
2024-04-01 20:27:00,1.0742,1.0742,1.07416,1.0742
2024-04-01 20:28:00,1.0742,1.07421,1.0742,1.0742
2024-04-01 20:29:00,1.0742,1.07422,1.0742,1.07421
2024-04-01 20:30:00,1.07421,1.07421,1.0742,1.0742
2024-04-01 20:31:00,1.07421,1.07421,1.0742,1.07421
2024-04-01 20:32:00,1.07421,1.07421,1.0742,1.07421
2024-04-01 20:33:00,1.07421,1.07426,1.07421,1.07422
2024-04-01 20:34:00,1.07422,1.07422,1.07421,1.07422
2024-04-01 20:35:00,1.07423,1.07423,1.07421,1.07422
2024-04-01 20:36:00,1.07422,1.07422,1.07422,1.07422
2024-04-01 20:37:00,1.07421,1.07422,1.07421,1.07421
2024-04-01 20:38:00,1.07422,1.07422,1.07421,1.07421
2024-04-01 20:39:00,1.07422,1.07422,1.07421,1.07421
2024-04-01 20:40:00,1.07421,1.07422,1.07421,1.07421
2024-04-01 20:41:00,1.07421,1.07421,1.07421,1.07421
2024-04-01 20:42:00,1.07421,1.07421,1.07421,1.07421
2024-04-01 20:43:00,1.0742,1.07421,1.0742,1.07421
2024-04-01 20:44:00,1.07421,1.07421,1.07421,1.07421
2024-04-01 20:45:00,1.07421,1.07421,1.07421,1.07421
2024-04-01 20:46:00,1.07423,1.07426,1.07423,1.07426
2024-04-01 20:47:00,1.07426,1.07426,1.07426,1.07426
2024-04-01 20:48:00,1.07426,1.07427,1.07425,1.07425
2024-04-01 20:49:00,1.07426,1.07426,1.07425,1.07425
2024-04-01 20:50:00,1.07426,1.07427,1.07426,1.07427
2024-04-01 20:51:00,1.07428,1.07428,1.07427,1.07427
2024-04-01 20:52:00,1.07428,1.07428,1.07427,1.07428
2024-04-01 20:53:00,1.07428,1.07428,1.07427,1.07428
2024-04-01 20:54:00,1.07427,1.07428,1.07426,1.07428
2024-04-01 20:55:00,1.07428,1.0743,1.07428,1.07428
2024-04-01 20:56:00,1.07428,1.07432,1.07428,1.07432
2024-04-01 20:57:00,1.07431,1.07432,1.07428,1.0743
2024-04-01 20:58:00,1.07429,1.07431,1.07428,1.07431
2024-04-01 20:59:00,1.07431,1.07432,1.07431,1.07432
2024-04-01 21:05:00,1.07407,1.0741,1.07402,1.07402
2024-04-01 21:06:00,1.0741,1.07416,1.07395,1.07414
2024-04-01 21:07:00,1.07412,1.07416,1.074,1.07412
2024-04-01 21:08:00,1.074,1.07415,1.074,1.074
2024-04-01 21:09:00,1.07402,1.07424,1.074,1.07422
2024-04-01 21:10:00,1.07423,1.07426,1.07407,1.07415
2024-04-01 21:11:00,1.07408,1.07417,1.07389,1.07405
2024-04-01 21:12:00,1.07406,1.07416,1.074,1.07414
2024-04-01 21:13:00,1.07411,1.07416,1.07406,1.07412
2024-04-01 21:14:00,1.07407,1.07415,1.07406,1.07409
2024-04-01 21:15:00,1.07414,1.0743,1.07407,1.07425
2024-04-01 21:16:00,1.07428,1.07441,1.07392,1.07439
2024-04-01 21:17:00,1.0744,1.07441,1.07422,1.07441
2024-04-01 21:18:00,1.07441,1.07444,1.07441,1.07443
2024-04-01 21:20:00,1.07437,1.07445,1.07403,1.07423
2024-04-01 21:21:00,1.07424,1.0744,1.07424,1.07438
2024-04-01 21:22:00,1.07439,1.07441,1.07439,1.0744
2024-04-01 21:23:00,1.07441,1.07441,1.07441,1.07441
2024-04-01 21:24:00,1.07441,1.07441,1.07441,1.07441
2024-04-01 21:25:00,1.0744,1.0744,1.0744,1.0744
2024-04-01 21:26:00,1.0744,1.0744,1.0744,1.0744
2024-04-01 21:27:00,1.07439,1.07439,1.07431,1.07434
2024-04-01 21:28:00,1.07431,1.07436,1.07431,1.07436
2024-04-01 21:29:00,1.07434,1.07442,1.07432,1.07442
2024-04-01 21:30:00,1.07441,1.07442,1.07441,1.07442
2024-04-01 21:31:00,1.07438,1.07447,1.07431,1.07431
2024-04-01 21:32:00,1.07432,1.07434,1.0743,1.07433
2024-04-01 21:33:00,1.07434,1.07434,1.07432,1.07432
2024-04-01 21:34:00,1.07432,1.07432,1.07432,1.07432
2024-04-01 21:35:00,1.07433,1.07434,1.07432,1.07434
2024-04-01 21:36:00,1.07433,1.07434,1.07432,1.07433
2024-04-01 21:37:00,1.07434,1.07434,1.07434,1.07434
2024-04-01 21:38:00,1.07433,1.07434,1.07433,1.07434
2024-04-01 21:39:00,1.07433,1.07434,1.0743,1.0743
2024-04-01 21:40:00,1.07431,1.07431,1.0743,1.0743
2024-04-01 21:41:00,1.0743,1.07431,1.0743,1.0743
2024-04-01 21:42:00,1.0743,1.07432,1.0743,1.07432
2024-04-01 21:43:00,1.07432,1.07432,1.07432,1.07432
2024-04-01 21:44:00,1.07432,1.07432,1.07432,1.07432
2024-04-01 21:45:00,1.07435,1.07436,1.07434,1.07436
2024-04-01 21:46:00,1.07436,1.07436,1.07436,1.07436
2024-04-01 21:47:00,1.07437,1.07437,1.07437,1.07437
2024-04-01 21:48:00,1.07438,1.07442,1.07438,1.07441
2024-04-01 21:50:00,1.07442,1.07442,1.07442,1.07442
2024-04-01 21:51:00,1.07442,1.07442,1.07442,1.07442
2024-04-01 21:52:00,1.07441,1.07442,1.07441,1.07442
2024-04-01 21:53:00,1.07441,1.07442,1.07439,1.07441
2024-04-01 21:54:00,1.0744,1.07441,1.07439,1.0744
2024-04-01 21:55:00,1.0744,1.0744,1.07439,1.0744
2024-04-01 21:56:00,1.07441,1.07441,1.07439,1.07441
2024-04-01 21:57:00,1.07439,1.07441,1.07439,1.07441
2024-04-01 21:58:00,1.0744,1.07442,1.07439,1.07441
2024-04-01 21:59:00,1.07441,1.07442,1.07439,1.07441
2024-04-01 22:00:00,1.07439,1.07441,1.07428,1.07432
2024-04-01 22:01:00,1.07431,1.07431,1.07429,1.07431
2024-04-01 22:02:00,1.07431,1.07431,1.07428,1.07428
2024-04-01 22:03:00,1.07428,1.0743,1.07427,1.07428
2024-04-01 22:04:00,1.07428,1.07428,1.07428,1.07428
2024-04-01 22:05:00,1.07428,1.07428,1.07423,1.07425
2024-04-01 22:06:00,1.07425,1.07426,1.07424,1.07426
2024-04-01 22:07:00,1.07427,1.07428,1.07426,1.07426
2024-04-01 22:08:00,1.07426,1.07426,1.07422,1.07422
2024-04-01 22:09:00,1.07422,1.07423,1.07422,1.07422
2024-04-01 22:10:00,1.07422,1.07433,1.07422,1.07431
2024-04-01 22:11:00,1.07431,1.07432,1.07431,1.07432
2024-04-01 22:12:00,1.07432,1.07432,1.0743,1.07431
2024-04-01 22:13:00,1.07432,1.07432,1.0743,1.0743
2024-04-01 22:14:00,1.0743,1.07431,1.0743,1.0743
2024-04-01 22:15:00,1.07431,1.07432,1.0743,1.07431
2024-04-01 22:16:00,1.07432,1.07433,1.07432,1.07432
2024-04-01 22:17:00,1.07431,1.07432,1.07431,1.07432
2024-04-01 22:19:00,1.07431,1.07432,1.07431,1.07432
2024-04-01 22:20:00,1.07431,1.07432,1.07431,1.07431
2024-04-01 22:21:00,1.07431,1.07431,1.07428,1.07428
2024-04-01 22:22:00,1.07429,1.07429,1.07428,1.07428
2024-04-01 22:23:00,1.07429,1.07429,1.07426,1.07429
2024-04-01 22:24:00,1.07428,1.07429,1.07428,1.07429
2024-04-01 22:25:00,1.07428,1.0743,1.07428,1.0743
2024-04-01 22:26:00,1.07429,1.0743,1.07429,1.0743
2024-04-01 22:27:00,1.07429,1.07429,1.07428,1.07429
2024-04-01 22:28:00,1.0743,1.0743,1.07425,1.07425
2024-04-01 22:29:00,1.07426,1.07426,1.07425,1.07425
2024-04-01 22:30:00,1.07425,1.07426,1.07423,1.07424
2024-04-01 22:31:00,1.07424,1.07424,1.07423,1.07424
2024-04-01 22:33:00,1.07423,1.07424,1.07423,1.07424
2024-04-01 22:34:00,1.07424,1.07424,1.07423,1.07423
2024-04-01 22:35:00,1.07424,1.07424,1.0742,1.0742
2024-04-01 22:36:00,1.0742,1.0742,1.07418,1.0742
2024-04-01 22:37:00,1.0742,1.0742,1.0742,1.0742
2024-04-01 22:38:00,1.0742,1.0742,1.07418,1.07418
2024-04-01 22:39:00,1.07419,1.07421,1.07418,1.07418
2024-04-01 22:40:00,1.07419,1.07422,1.07418,1.0742
2024-04-01 22:41:00,1.07421,1.07423,1.0742,1.07421
2024-04-01 22:42:00,1.0742,1.07421,1.07419,1.0742
2024-04-01 22:43:00,1.0742,1.07426,1.07419,1.0742
2024-04-01 22:44:00,1.0742,1.0742,1.07418,1.07418
2024-04-01 22:45:00,1.07419,1.07419,1.07415,1.07415
2024-04-01 22:46:00,1.07416,1.07416,1.07411,1.07411
2024-04-01 22:47:00,1.07412,1.07412,1.07412,1.07412
2024-04-01 22:48:00,1.07412,1.07413,1.07412,1.07412
2024-04-01 22:49:00,1.07413,1.0742,1.07413,1.0742
2024-04-01 22:50:00,1.07421,1.07428,1.0742,1.0742
2024-04-01 22:51:00,1.0742,1.0742,1.07409,1.0741
2024-04-01 22:52:00,1.0741,1.0741,1.07408,1.07408
2024-04-01 22:53:00,1.07407,1.07408,1.07407,1.07407
2024-04-01 22:54:00,1.07406,1.07407,1.07404,1.07405
2024-04-01 22:55:00,1.07406,1.07406,1.07405,1.07405
2024-04-01 22:56:00,1.07405,1.07406,1.07405,1.07405
2024-04-01 22:57:00,1.07405,1.07406,1.07402,1.07405
2024-04-01 22:58:00,1.07404,1.07407,1.07402,1.07406
2024-04-01 22:59:00,1.07405,1.07406,1.074,1.07401
2024-04-01 23:00:00,1.074,1.07401,1.0739,1.07392
2024-04-01 23:01:00,1.07392,1.07394,1.0739,1.07391
2024-04-01 23:02:00,1.0739,1.07391,1.07386,1.07386
2024-04-01 23:03:00,1.07386,1.07386,1.07375,1.07375
2024-04-01 23:04:00,1.07376,1.07376,1.07372,1.07372
2024-04-01 23:05:00,1.07372,1.07372,1.07366,1.07368
2024-04-01 23:06:00,1.07368,1.07368,1.07366,1.07366
2024-04-01 23:07:00,1.07366,1.07366,1.0736,1.07361
2024-04-01 23:08:00,1.0736,1.07362,1.0736,1.0736
2024-04-01 23:09:00,1.0736,1.0736,1.0736,1.0736
2024-04-01 23:10:00,1.0736,1.0736,1.07358,1.0736
2024-04-01 23:11:00,1.0736,1.07374,1.0736,1.07368
2024-04-01 23:12:00,1.07367,1.07368,1.07366,1.07367
2024-04-01 23:13:00,1.07368,1.07372,1.07368,1.07371
2024-04-01 23:14:00,1.07372,1.07375,1.0737,1.07371
2024-04-01 23:15:00,1.07372,1.07376,1.0737,1.0737
2024-04-01 23:16:00,1.0737,1.0737,1.0736,1.0736
2024-04-01 23:17:00,1.0736,1.07361,1.07359,1.07361
2024-04-01 23:18:00,1.0736,1.07376,1.0736,1.07376
2024-04-01 23:19:00,1.07376,1.07376,1.0737,1.07375
2024-04-01 23:20:00,1.07374,1.07377,1.07374,1.07375
2024-04-01 23:21:00,1.07375,1.07376,1.0737,1.0737
2024-04-01 23:22:00,1.0737,1.07375,1.0737,1.07372
2024-04-01 23:23:00,1.07371,1.07372,1.07369,1.0737
2024-04-01 23:24:00,1.0737,1.0738,1.0737,1.0738
2024-04-01 23:25:00,1.07378,1.07387,1.07376,1.07387
2024-04-01 23:26:00,1.07387,1.07387,1.07378,1.07378
2024-04-01 23:27:00,1.07379,1.07384,1.07378,1.07381
2024-04-01 23:28:00,1.0738,1.07386,1.0738,1.07384
2024-04-01 23:29:00,1.07385,1.07397,1.07385,1.07392
2024-04-01 23:30:00,1.07391,1.07397,1.0739,1.0739
2024-04-01 23:31:00,1.0739,1.07395,1.07389,1.07391
2024-04-01 23:32:00,1.07392,1.07394,1.07388,1.0739
2024-04-01 23:33:00,1.07391,1.07394,1.07385,1.07385
2024-04-01 23:34:00,1.07385,1.07386,1.07379,1.0738
2024-04-01 23:35:00,1.0738,1.07387,1.0738,1.07385
2024-04-01 23:36:00,1.07386,1.07392,1.07386,1.0739
2024-04-01 23:37:00,1.0739,1.07391,1.0739,1.0739
2024-04-01 23:38:00,1.07389,1.07389,1.07379,1.07379
2024-04-01 23:39:00,1.0738,1.07384,1.0738,1.07382
2024-04-01 23:40:00,1.07382,1.07382,1.07376,1.07377
2024-04-01 23:41:00,1.07378,1.07378,1.07375,1.07375
2024-04-01 23:42:00,1.07375,1.0738,1.07375,1.07376
2024-04-01 23:43:00,1.07376,1.07377,1.07374,1.07374
2024-04-01 23:44:00,1.07374,1.07377,1.0737,1.07375
2024-04-01 23:45:00,1.07375,1.0738,1.07371,1.0738
2024-04-01 23:46:00,1.0738,1.07392,1.0738,1.0739
2024-04-01 23:47:00,1.0739,1.07392,1.07385,1.07386
2024-04-01 23:48:00,1.07385,1.07387,1.07384,1.07386
2024-04-01 23:49:00,1.07386,1.07388,1.07385,1.07386
2024-04-01 23:50:00,1.07386,1.07388,1.07381,1.07386
2024-04-01 23:51:00,1.07386,1.07387,1.07376,1.07376
2024-04-01 23:52:00,1.07376,1.07379,1.07373,1.07378
2024-04-01 23:53:00,1.07377,1.07379,1.0737,1.07378
2024-04-01 23:54:00,1.07379,1.07381,1.07376,1.0738
2024-04-01 23:55:00,1.07381,1.07382,1.0738,1.07381
2024-04-01 23:56:00,1.0738,1.07382,1.07376,1.07376
2024-04-01 23:57:00,1.07376,1.07381,1.0737,1.0737
2024-04-01 23:58:00,1.0737,1.0737,1.07369,1.07369
2024-04-01 23:59:00,1.07368,1.07374,1.07368,1.07374
